timestamp,device_id,metric_id,value,labels
2026-04-29T15:46:27.092428+02:00,taurus-7,wattmetre_power_watt,187.6,"{""_device_orig"": [""wattmetre1-port6""]}"
2026-04-29T15:46:27.11238+02:00,taurus-7,wattmetre_power_watt,175.6,"{""_device_orig"": [""wattmetre1-port6""]}"
2026-04-29T15:46:27.132358+02:00,taurus-7,wattmetre_power_watt,184,"{""_device_orig"": [""wattmetre1-port6""]}"
2026-04-29T15:46:27.152286+02:00,taurus-7,wattmetre_power_watt,192.4,"{""_device_orig"": [""wattmetre1-port6""]}"
2026-04-29T15:46:27.172292+02:00,taurus-7,wattmetre_power_watt,185.3,"{""_device_orig"": [""wattmetre1-port6""]}"
2026-04-29T15:46:27.192431+02:00,taurus-7,wattmetre_power_watt,179.4,"{""_device_orig"": [""wattmetre1-port6""]}"
2026-04-29T15:46:27.212371+02:00,taurus-7,wattmetre_power_watt,186.1,"{""_device_orig"": [""wattmetre1-port6""]}"
2026-04-29T15:46:27.232331+02:00,taurus-7,wattmetre_power_watt,169.9,"{""_device_orig"": [""wattmetre1-port6""]}"
2026-04-29T15:46:27.252369+02:00,taurus-7,wattmetre_power_watt,175.3,"{""_device_orig"": [""wattmetre1-port6""]}"
2026-04-29T15:46:27.272325+02:00,taurus-7,wattmetre_power_watt,186.5,"{""_device_orig"": [""wattmetre1-port6""]}"
2026-04-29T15:46:27.312331+02:00,taurus-7,wattmetre_power_watt,182.4,"{""_device_orig"": [""wattmetre1-port6""]}"
2026-04-29T15:46:27.332407+02:00,taurus-7,wattmetre_power_watt,181,"{""_device_orig"": [""wattmetre1-port6""]}"
2026-04-29T15:46:27.352279+02:00,taurus-7,wattmetre_power_watt,182.3,"{""_device_orig"": [""wattmetre1-port6""]}"
2026-04-29T15:46:27.372237+02:00,taurus-7,wattmetre_power_watt,169.6,"{""_device_orig"": [""wattmetre1-port6""]}"
2026-04-29T15:46:27.39218+02:00,taurus-7,wattmetre_power_watt,169,"{""_device_orig"": [""wattmetre1-port6""]}"
2026-04-29T15:46:27.412322+02:00,taurus-7,wattmetre_power_watt,169.1,"{""_device_orig"": [""wattmetre1-port6""]}"
2026-04-29T15:46:27.432322+02:00,taurus-7,wattmetre_power_watt,162.8,"{""_device_orig"": [""wattmetre1-port6""]}"
2026-04-29T15:46:27.452321+02:00,taurus-7,wattmetre_power_watt,150.6,"{""_device_orig"": [""wattmetre1-port6""]}"
2026-04-29T15:46:27.472321+02:00,taurus-7,wattmetre_power_watt,158.3,"{""_device_orig"": [""wattmetre1-port6""]}"
2026-04-29T15:46:27.492282+02:00,taurus-7,wattmetre_power_watt,148.5,"{""_device_orig"": [""wattmetre1-port6""]}"
2026-04-29T15:46:27.532337+02:00,taurus-7,wattmetre_power_watt,114.3,"{""_device_orig"": [""wattmetre1-port6""]}"
2026-04-29T15:46:27.552304+02:00,taurus-7,wattmetre_power_watt,89.4,"{""_device_orig"": [""wattmetre1-port6""]}"
2026-04-29T15:46:27.572307+02:00,taurus-7,wattmetre_power_watt,76.7,"{""_device_orig"": [""wattmetre1-port6""]}"
2026-04-29T15:46:27.592291+02:00,taurus-7,wattmetre_power_watt,74.3,"{""_device_orig"": [""wattmetre1-port6""]}"
2026-04-29T15:46:27.612452+02:00,taurus-7,wattmetre_power_watt,78.7,"{""_device_orig"": [""wattmetre1-port6""]}"
2026-04-29T15:46:27.632416+02:00,taurus-7,wattmetre_power_watt,84.6,"{""_device_orig"": [""wattmetre1-port6""]}"
2026-04-29T15:46:27.652397+02:00,taurus-7,wattmetre_power_watt,84.4,"{""_device_orig"": [""wattmetre1-port6""]}"
2026-04-29T15:46:27.672311+02:00,taurus-7,wattmetre_power_watt,221.9,"{""_device_orig"": [""wattmetre1-port6""]}"
2026-04-29T15:46:27.692256+02:00,taurus-7,wattmetre_power_watt,162.8,"{""_device_orig"": [""wattmetre1-port6""]}"
2026-04-29T15:46:27.712286+02:00,taurus-7,wattmetre_power_watt,125.8,"{""_device_orig"": [""wattmetre1-port6""]}"
2026-04-29T15:46:27.732334+02:00,taurus-7,wattmetre_power_watt,90.9,"{""_device_orig"": [""wattmetre1-port6""]}"
2026-04-29T15:46:27.752326+02:00,taurus-7,wattmetre_power_watt,54.9,"{""_device_orig"": [""wattmetre1-port6""]}"
2026-04-29T15:46:27.792268+02:00,taurus-7,wattmetre_power_watt,66.2,"{""_device_orig"": [""wattmetre1-port6""]}"
2026-04-29T15:46:27.812237+02:00,taurus-7,wattmetre_power_watt,87.9,"{""_device_orig"": [""wattmetre1-port6""]}"
2026-04-29T15:46:27.832368+02:00,taurus-7,wattmetre_power_watt,95,"{""_device_orig"": [""wattmetre1-port6""]}"
2026-04-29T15:46:27.85238+02:00,taurus-7,wattmetre_power_watt,97.9,"{""_device_orig"": [""wattmetre1-port6""]}"
2026-04-29T15:46:27.872335+02:00,taurus-7,wattmetre_power_watt,90.5,"{""_device_orig"": [""wattmetre1-port6""]}"
2026-04-29T15:46:27.892278+02:00,taurus-7,wattmetre_power_watt,76.5,"{""_device_orig"": [""wattmetre1-port6""]}"
2026-04-29T15:46:27.912283+02:00,taurus-7,wattmetre_power_watt,81.3,"{""_device_orig"": [""wattmetre1-port6""]}"
2026-04-29T15:46:27.932204+02:00,taurus-7,wattmetre_power_watt,73.7,"{""_device_orig"": [""wattmetre1-port6""]}"
2026-04-29T15:46:27.952402+02:00,taurus-7,wattmetre_power_watt,76.8,"{""_device_orig"": [""wattmetre1-port6""]}"
2026-04-29T15:46:27.97238+02:00,taurus-7,wattmetre_power_watt,81.8,"{""_device_orig"": [""wattmetre1-port6""]}"
2026-04-29T15:46:27.992342+02:00,taurus-7,wattmetre_power_watt,79,"{""_device_orig"": [""wattmetre1-port6""]}"
2026-04-29T15:46:28.012282+02:00,taurus-7,wattmetre_power_watt,78.6,"{""_device_orig"": [""wattmetre1-port6""]}"
2026-04-29T15:46:28.112283+02:00,taurus-7,wattmetre_power_watt,81.3,"{""_device_orig"": [""wattmetre1-port6""]}"
2026-04-29T15:46:28.132259+02:00,taurus-7,wattmetre_power_watt,81.8,"{""_device_orig"": [""wattmetre1-port6""]}"
2026-04-29T15:46:28.152414+02:00,taurus-7,wattmetre_power_watt,83.9,"{""_device_orig"": [""wattmetre1-port6""]}"
2026-04-29T15:46:28.172374+02:00,taurus-7,wattmetre_power_watt,87.1,"{""_device_orig"": [""wattmetre1-port6""]}"
2026-04-29T15:46:28.192338+02:00,taurus-7,wattmetre_power_watt,83.4,"{""_device_orig"": [""wattmetre1-port6""]}"
2026-04-29T15:46:28.212299+02:00,taurus-7,wattmetre_power_watt,87.9,"{""_device_orig"": [""wattmetre1-port6""]}"
2026-04-29T15:46:28.232276+02:00,taurus-7,wattmetre_power_watt,80.3,"{""_device_orig"": [""wattmetre1-port6""]}"
2026-04-29T15:46:28.272391+02:00,taurus-7,wattmetre_power_watt,84,"{""_device_orig"": [""wattmetre1-port6""]}"
2026-04-29T15:46:28.292287+02:00,taurus-7,wattmetre_power_watt,82.5,"{""_device_orig"": [""wattmetre1-port6""]}"
2026-04-29T15:46:28.312266+02:00,taurus-7,wattmetre_power_watt,83.7,"{""_device_orig"": [""wattmetre1-port6""]}"
2026-04-29T15:46:28.332257+02:00,taurus-7,wattmetre_power_watt,83.4,"{""_device_orig"": [""wattmetre1-port6""]}"
2026-04-29T15:46:28.352206+02:00,taurus-7,wattmetre_power_watt,80.8,"{""_device_orig"": [""wattmetre1-port6""]}"
2026-04-29T15:46:28.372324+02:00,taurus-7,wattmetre_power_watt,80.8,"{""_device_orig"": [""wattmetre1-port6""]}"
2026-04-29T15:46:28.39228+02:00,taurus-7,wattmetre_power_watt,84.9,"{""_device_orig"": [""wattmetre1-port6""]}"
2026-04-29T15:46:28.412256+02:00,taurus-7,wattmetre_power_watt,78.2,"{""_device_orig"": [""wattmetre1-port6""]}"
2026-04-29T15:46:28.432242+02:00,taurus-7,wattmetre_power_watt,83.8,"{""_device_orig"": [""wattmetre1-port6""]}"
2026-04-29T15:46:28.45224+02:00,taurus-7,wattmetre_power_watt,85.9,"{""_device_orig"": [""wattmetre1-port6""]}"
2026-04-29T15:46:28.472377+02:00,taurus-7,wattmetre_power_watt,87,"{""_device_orig"": [""wattmetre1-port6""]}"
2026-04-29T15:46:28.492343+02:00,taurus-7,wattmetre_power_watt,85.8,"{""_device_orig"": [""wattmetre1-port6""]}"
2026-04-29T15:46:28.512388+02:00,taurus-7,wattmetre_power_watt,85.1,"{""_device_orig"": [""wattmetre1-port6""]}"
2026-04-29T15:46:28.53226+02:00,taurus-7,wattmetre_power_watt,84.3,"{""_device_orig"": [""wattmetre1-port6""]}"
2026-04-29T15:46:28.552293+02:00,taurus-7,wattmetre_power_watt,89.5,"{""_device_orig"": [""wattmetre1-port6""]}"
2026-04-29T15:46:28.57222+02:00,taurus-7,wattmetre_power_watt,91.4,"{""_device_orig"": [""wattmetre1-port6""]}"
2026-04-29T15:46:28.592369+02:00,taurus-7,wattmetre_power_watt,95.2,"{""_device_orig"": [""wattmetre1-port6""]}"
2026-04-29T15:46:28.612316+02:00,taurus-7,wattmetre_power_watt,90.1,"{""_device_orig"": [""wattmetre1-port6""]}"
2026-04-29T15:46:28.632265+02:00,taurus-7,wattmetre_power_watt,82.4,"{""_device_orig"": [""wattmetre1-port6""]}"
2026-04-29T15:46:28.652259+02:00,taurus-7,wattmetre_power_watt,81.6,"{""_device_orig"": [""wattmetre1-port6""]}"
2026-04-29T15:46:28.672224+02:00,taurus-7,wattmetre_power_watt,81.3,"{""_device_orig"": [""wattmetre1-port6""]}"
2026-04-29T15:46:28.692329+02:00,taurus-7,wattmetre_power_watt,81.8,"{""_device_orig"": [""wattmetre1-port6""]}"
2026-04-29T15:46:28.712287+02:00,taurus-7,wattmetre_power_watt,85.8,"{""_device_orig"": [""wattmetre1-port6""]}"
2026-04-29T15:46:28.752312+02:00,taurus-7,wattmetre_power_watt,82.7,"{""_device_orig"": [""wattmetre1-port6""]}"
2026-04-29T15:46:28.772266+02:00,taurus-7,wattmetre_power_watt,81.2,"{""_device_orig"": [""wattmetre1-port6""]}"
2026-04-29T15:46:28.792434+02:00,taurus-7,wattmetre_power_watt,81.4,"{""_device_orig"": [""wattmetre1-port6""]}"
2026-04-29T15:46:28.852269+02:00,taurus-7,wattmetre_power_watt,82.4,"{""_device_orig"": [""wattmetre1-port6""]}"
2026-04-29T15:46:28.872267+02:00,taurus-7,wattmetre_power_watt,82.9,"{""_device_orig"": [""wattmetre1-port6""]}"
2026-04-29T15:46:28.892179+02:00,taurus-7,wattmetre_power_watt,85.2,"{""_device_orig"": [""wattmetre1-port6""]}"
2026-04-29T15:46:28.912379+02:00,taurus-7,wattmetre_power_watt,87.9,"{""_device_orig"": [""wattmetre1-port6""]}"
2026-04-29T15:46:28.93234+02:00,taurus-7,wattmetre_power_watt,85,"{""_device_orig"": [""wattmetre1-port6""]}"
2026-04-29T15:46:28.952298+02:00,taurus-7,wattmetre_power_watt,84.7,"{""_device_orig"": [""wattmetre1-port6""]}"
2026-04-29T15:46:29.092167+02:00,taurus-7,wattmetre_power_watt,85.1,"{""_device_orig"": [""wattmetre1-port6""]}"
2026-04-29T15:46:29.112394+02:00,taurus-7,wattmetre_power_watt,84.2,"{""_device_orig"": [""wattmetre1-port6""]}"
2026-04-29T15:46:29.172219+02:00,taurus-7,wattmetre_power_watt,90.8,"{""_device_orig"": [""wattmetre1-port6""]}"
2026-04-29T15:46:29.192149+02:00,taurus-7,wattmetre_power_watt,81.9,"{""_device_orig"": [""wattmetre1-port6""]}"
2026-04-29T15:46:29.212104+02:00,taurus-7,wattmetre_power_watt,83.6,"{""_device_orig"": [""wattmetre1-port6""]}"
2026-04-29T15:46:29.232309+02:00,taurus-7,wattmetre_power_watt,87.1,"{""_device_orig"": [""wattmetre1-port6""]}"
2026-04-29T15:46:29.252206+02:00,taurus-7,wattmetre_power_watt,86.5,"{""_device_orig"": [""wattmetre1-port6""]}"
2026-04-29T15:46:29.27224+02:00,taurus-7,wattmetre_power_watt,85.3,"{""_device_orig"": [""wattmetre1-port6""]}"
2026-04-29T15:46:29.292193+02:00,taurus-7,wattmetre_power_watt,87.8,"{""_device_orig"": [""wattmetre1-port6""]}"
2026-04-29T15:46:29.312364+02:00,taurus-7,wattmetre_power_watt,87.6,"{""_device_orig"": [""wattmetre1-port6""]}"
2026-04-29T15:46:29.332352+02:00,taurus-7,wattmetre_power_watt,86.3,"{""_device_orig"": [""wattmetre1-port6""]}"
2026-04-29T15:46:29.35231+02:00,taurus-7,wattmetre_power_watt,86.9,"{""_device_orig"": [""wattmetre1-port6""]}"
2026-04-29T15:46:29.372202+02:00,taurus-7,wattmetre_power_watt,83.9,"{""_device_orig"": [""wattmetre1-port6""]}"
2026-04-29T15:46:29.392224+02:00,taurus-7,wattmetre_power_watt,86.6,"{""_device_orig"": [""wattmetre1-port6""]}"
2026-04-29T15:46:29.412194+02:00,taurus-7,wattmetre_power_watt,77.3,"{""_device_orig"": [""wattmetre1-port6""]}"
2026-04-29T15:46:29.472254+02:00,taurus-7,wattmetre_power_watt,73.8,"{""_device_orig"": [""wattmetre1-port6""]}"
2026-04-29T15:46:29.492202+02:00,taurus-7,wattmetre_power_watt,79.7,"{""_device_orig"": [""wattmetre1-port6""]}"
2026-04-29T15:46:29.512177+02:00,taurus-7,wattmetre_power_watt,80.8,"{""_device_orig"": [""wattmetre1-port6""]}"
2026-04-29T15:46:29.532106+02:00,taurus-7,wattmetre_power_watt,88.8,"{""_device_orig"": [""wattmetre1-port6""]}"
2026-04-29T15:46:29.57229+02:00,taurus-7,wattmetre_power_watt,89.1,"{""_device_orig"": [""wattmetre1-port6""]}"
2026-04-29T15:46:29.592239+02:00,taurus-7,wattmetre_power_watt,89.5,"{""_device_orig"": [""wattmetre1-port6""]}"
2026-04-29T15:46:29.612199+02:00,taurus-7,wattmetre_power_watt,85.7,"{""_device_orig"": [""wattmetre1-port6""]}"
2026-04-29T15:46:29.692153+02:00,taurus-7,wattmetre_power_watt,86.6,"{""_device_orig"": [""wattmetre1-port6""]}"
2026-04-29T15:46:29.712213+02:00,taurus-7,wattmetre_power_watt,84,"{""_device_orig"": [""wattmetre1-port6""]}"
2026-04-29T15:46:29.73215+02:00,taurus-7,wattmetre_power_watt,82.4,"{""_device_orig"": [""wattmetre1-port6""]}"
2026-04-29T15:46:29.75224+02:00,taurus-7,wattmetre_power_watt,84.3,"{""_device_orig"": [""wattmetre1-port6""]}"
2026-04-29T15:46:29.772287+02:00,taurus-7,wattmetre_power_watt,84.7,"{""_device_orig"": [""wattmetre1-port6""]}"
2026-04-29T15:46:29.792257+02:00,taurus-7,wattmetre_power_watt,85.6,"{""_device_orig"": [""wattmetre1-port6""]}"
2026-04-29T15:46:29.812174+02:00,taurus-7,wattmetre_power_watt,86.5,"{""_device_orig"": [""wattmetre1-port6""]}"
2026-04-29T15:46:29.832148+02:00,taurus-7,wattmetre_power_watt,85.5,"{""_device_orig"": [""wattmetre1-port6""]}"
2026-04-29T15:46:29.852109+02:00,taurus-7,wattmetre_power_watt,79.3,"{""_device_orig"": [""wattmetre1-port6""]}"
2026-04-29T15:46:29.952151+02:00,taurus-7,wattmetre_power_watt,83.2,"{""_device_orig"": [""wattmetre1-port6""]}"
2026-04-29T15:46:29.972288+02:00,taurus-7,wattmetre_power_watt,78.7,"{""_device_orig"": [""wattmetre1-port6""]}"
2026-04-29T15:46:29.992246+02:00,taurus-7,wattmetre_power_watt,80.5,"{""_device_orig"": [""wattmetre1-port6""]}"
2026-04-29T15:46:30.012205+02:00,taurus-7,wattmetre_power_watt,82.8,"{""_device_orig"": [""wattmetre1-port6""]}"
2026-04-29T15:46:30.032177+02:00,taurus-7,wattmetre_power_watt,82.4,"{""_device_orig"": [""wattmetre1-port6""]}"
2026-04-29T15:46:30.052126+02:00,taurus-7,wattmetre_power_watt,84.1,"{""_device_orig"": [""wattmetre1-port6""]}"
2026-04-29T15:46:30.072302+02:00,taurus-7,wattmetre_power_watt,83.9,"{""_device_orig"": [""wattmetre1-port6""]}"
2026-04-29T15:46:30.092274+02:00,taurus-7,wattmetre_power_watt,85.1,"{""_device_orig"": [""wattmetre1-port6""]}"
2026-04-29T15:46:30.112243+02:00,taurus-7,wattmetre_power_watt,80.3,"{""_device_orig"": [""wattmetre1-port6""]}"
2026-04-29T15:46:30.132219+02:00,taurus-7,wattmetre_power_watt,81.3,"{""_device_orig"": [""wattmetre1-port6""]}"
2026-04-29T15:46:30.152188+02:00,taurus-7,wattmetre_power_watt,85.5,"{""_device_orig"": [""wattmetre1-port6""]}"
2026-04-29T15:46:30.172115+02:00,taurus-7,wattmetre_power_watt,86.4,"{""_device_orig"": [""wattmetre1-port6""]}"
2026-04-29T15:46:30.192276+02:00,taurus-7,wattmetre_power_watt,84.8,"{""_device_orig"": [""wattmetre1-port6""]}"
2026-04-29T15:46:30.212234+02:00,taurus-7,wattmetre_power_watt,83.9,"{""_device_orig"": [""wattmetre1-port6""]}"
2026-04-29T15:46:30.232208+02:00,taurus-7,wattmetre_power_watt,81.7,"{""_device_orig"": [""wattmetre1-port6""]}"
2026-04-29T15:46:30.252189+02:00,taurus-7,wattmetre_power_watt,86.5,"{""_device_orig"": [""wattmetre1-port6""]}"
2026-04-29T15:46:30.272126+02:00,taurus-7,wattmetre_power_watt,85.7,"{""_device_orig"": [""wattmetre1-port6""]}"
2026-04-29T15:46:30.292249+02:00,taurus-7,wattmetre_power_watt,86.8,"{""_device_orig"": [""wattmetre1-port6""]}"
2026-04-29T15:46:30.312204+02:00,taurus-7,wattmetre_power_watt,85.5,"{""_device_orig"": [""wattmetre1-port6""]}"
2026-04-29T15:46:30.332178+02:00,taurus-7,wattmetre_power_watt,83,"{""_device_orig"": [""wattmetre1-port6""]}"
2026-04-29T15:46:30.352183+02:00,taurus-7,wattmetre_power_watt,81.5,"{""_device_orig"": [""wattmetre1-port6""]}"
2026-04-29T15:46:30.372103+02:00,taurus-7,wattmetre_power_watt,80.8,"{""_device_orig"": [""wattmetre1-port6""]}"
2026-04-29T15:46:30.39231+02:00,taurus-7,wattmetre_power_watt,87.6,"{""_device_orig"": [""wattmetre1-port6""]}"
2026-04-29T15:46:30.41225+02:00,taurus-7,wattmetre_power_watt,90.3,"{""_device_orig"": [""wattmetre1-port6""]}"
2026-04-29T15:46:30.432179+02:00,taurus-7,wattmetre_power_watt,99.6,"{""_device_orig"": [""wattmetre1-port6""]}"
2026-04-29T15:46:30.47216+02:00,taurus-7,wattmetre_power_watt,98.3,"{""_device_orig"": [""wattmetre1-port6""]}"
2026-04-29T15:46:30.492112+02:00,taurus-7,wattmetre_power_watt,90.5,"{""_device_orig"": [""wattmetre1-port6""]}"
2026-04-29T15:46:30.512251+02:00,taurus-7,wattmetre_power_watt,78.4,"{""_device_orig"": [""wattmetre1-port6""]}"
2026-04-29T15:46:30.532209+02:00,taurus-7,wattmetre_power_watt,78.3,"{""_device_orig"": [""wattmetre1-port6""]}"
2026-04-29T15:46:30.552154+02:00,taurus-7,wattmetre_power_watt,76.7,"{""_device_orig"": [""wattmetre1-port6""]}"
2026-04-29T15:46:30.572157+02:00,taurus-7,wattmetre_power_watt,78.2,"{""_device_orig"": [""wattmetre1-port6""]}"
2026-04-29T15:46:30.592172+02:00,taurus-7,wattmetre_power_watt,81,"{""_device_orig"": [""wattmetre1-port6""]}"
2026-04-29T15:46:30.632206+02:00,taurus-7,wattmetre_power_watt,92,"{""_device_orig"": [""wattmetre1-port6""]}"
2026-04-29T15:46:30.652242+02:00,taurus-7,wattmetre_power_watt,88.5,"{""_device_orig"": [""wattmetre1-port6""]}"
2026-04-29T15:46:30.672219+02:00,taurus-7,wattmetre_power_watt,90.1,"{""_device_orig"": [""wattmetre1-port6""]}"
2026-04-29T15:46:30.692113+02:00,taurus-7,wattmetre_power_watt,87.7,"{""_device_orig"": [""wattmetre1-port6""]}"
2026-04-29T15:46:30.712317+02:00,taurus-7,wattmetre_power_watt,82.3,"{""_device_orig"": [""wattmetre1-port6""]}"
2026-04-29T15:46:30.77216+02:00,taurus-7,wattmetre_power_watt,82.6,"{""_device_orig"": [""wattmetre1-port6""]}"
2026-04-29T15:46:30.792071+02:00,taurus-7,wattmetre_power_watt,83.9,"{""_device_orig"": [""wattmetre1-port6""]}"
2026-04-29T15:46:30.812071+02:00,taurus-7,wattmetre_power_watt,81.9,"{""_device_orig"": [""wattmetre1-port6""]}"
2026-04-29T15:46:30.83221+02:00,taurus-7,wattmetre_power_watt,84.6,"{""_device_orig"": [""wattmetre1-port6""]}"
2026-04-29T15:46:30.852212+02:00,taurus-7,wattmetre_power_watt,83.7,"{""_device_orig"": [""wattmetre1-port6""]}"
2026-04-29T15:46:30.872114+02:00,taurus-7,wattmetre_power_watt,84.8,"{""_device_orig"": [""wattmetre1-port6""]}"
2026-04-29T15:46:30.892116+02:00,taurus-7,wattmetre_power_watt,84.6,"{""_device_orig"": [""wattmetre1-port6""]}"
2026-04-29T15:46:30.912174+02:00,taurus-7,wattmetre_power_watt,86.9,"{""_device_orig"": [""wattmetre1-port6""]}"
2026-04-29T15:46:30.932259+02:00,taurus-7,wattmetre_power_watt,82.8,"{""_device_orig"": [""wattmetre1-port6""]}"
2026-04-29T15:46:30.952193+02:00,taurus-7,wattmetre_power_watt,86.9,"{""_device_orig"": [""wattmetre1-port6""]}"
2026-04-29T15:46:30.972192+02:00,taurus-7,wattmetre_power_watt,84.5,"{""_device_orig"": [""wattmetre1-port6""]}"
2026-04-29T15:46:30.992115+02:00,taurus-7,wattmetre_power_watt,85.2,"{""_device_orig"": [""wattmetre1-port6""]}"
2026-04-29T15:46:31.012127+02:00,taurus-7,wattmetre_power_watt,84,"{""_device_orig"": [""wattmetre1-port6""]}"
2026-04-29T15:46:31.032314+02:00,taurus-7,wattmetre_power_watt,84.5,"{""_device_orig"": [""wattmetre1-port6""]}"
2026-04-29T15:46:31.072202+02:00,taurus-7,wattmetre_power_watt,87.5,"{""_device_orig"": [""wattmetre1-port6""]}"
2026-04-29T15:46:31.09217+02:00,taurus-7,wattmetre_power_watt,85.8,"{""_device_orig"": [""wattmetre1-port6""]}"
2026-04-29T15:46:31.11213+02:00,taurus-7,wattmetre_power_watt,81.3,"{""_device_orig"": [""wattmetre1-port6""]}"
2026-04-29T15:46:31.132087+02:00,taurus-7,wattmetre_power_watt,84.6,"{""_device_orig"": [""wattmetre1-port6""]}"
2026-04-29T15:46:31.192167+02:00,taurus-7,wattmetre_power_watt,86.5,"{""_device_orig"": [""wattmetre1-port6""]}"
2026-04-29T15:46:31.212133+02:00,taurus-7,wattmetre_power_watt,87.1,"{""_device_orig"": [""wattmetre1-port6""]}"
2026-04-29T15:46:31.232093+02:00,taurus-7,wattmetre_power_watt,86.9,"{""_device_orig"": [""wattmetre1-port6""]}"
2026-04-29T15:46:31.252224+02:00,taurus-7,wattmetre_power_watt,84.4,"{""_device_orig"": [""wattmetre1-port6""]}"
2026-04-29T15:46:31.272188+02:00,taurus-7,wattmetre_power_watt,83.2,"{""_device_orig"": [""wattmetre1-port6""]}"
2026-04-29T15:46:31.292168+02:00,taurus-7,wattmetre_power_watt,88.3,"{""_device_orig"": [""wattmetre1-port6""]}"
2026-04-29T15:46:31.312133+02:00,taurus-7,wattmetre_power_watt,81.6,"{""_device_orig"": [""wattmetre1-port6""]}"
2026-04-29T15:46:31.332122+02:00,taurus-7,wattmetre_power_watt,84.6,"{""_device_orig"": [""wattmetre1-port6""]}"
2026-04-29T15:46:31.352218+02:00,taurus-7,wattmetre_power_watt,85.4,"{""_device_orig"": [""wattmetre1-port6""]}"
2026-04-29T15:46:31.412134+02:00,taurus-7,wattmetre_power_watt,79.3,"{""_device_orig"": [""wattmetre1-port6""]}"
2026-04-29T15:46:31.432077+02:00,taurus-7,wattmetre_power_watt,78.4,"{""_device_orig"": [""wattmetre1-port6""]}"
2026-04-29T15:46:31.45209+02:00,taurus-7,wattmetre_power_watt,82.7,"{""_device_orig"": [""wattmetre1-port6""]}"
2026-04-29T15:46:31.472247+02:00,taurus-7,wattmetre_power_watt,81.6,"{""_device_orig"": [""wattmetre1-port6""]}"
2026-04-29T15:46:31.492119+02:00,taurus-7,wattmetre_power_watt,80.7,"{""_device_orig"": [""wattmetre1-port6""]}"
2026-04-29T15:46:31.51213+02:00,taurus-7,wattmetre_power_watt,80.9,"{""_device_orig"": [""wattmetre1-port6""]}"
2026-04-29T15:46:31.532123+02:00,taurus-7,wattmetre_power_watt,82.2,"{""_device_orig"": [""wattmetre1-port6""]}"
2026-04-29T15:46:31.552083+02:00,taurus-7,wattmetre_power_watt,86.2,"{""_device_orig"": [""wattmetre1-port6""]}"
2026-04-29T15:46:31.572228+02:00,taurus-7,wattmetre_power_watt,83.8,"{""_device_orig"": [""wattmetre1-port6""]}"
2026-04-29T15:46:31.592213+02:00,taurus-7,wattmetre_power_watt,86.4,"{""_device_orig"": [""wattmetre1-port6""]}"
2026-04-29T15:46:31.612165+02:00,taurus-7,wattmetre_power_watt,82.8,"{""_device_orig"": [""wattmetre1-port6""]}"
2026-04-29T15:46:31.632116+02:00,taurus-7,wattmetre_power_watt,83.1,"{""_device_orig"": [""wattmetre1-port6""]}"
2026-04-29T15:46:31.652273+02:00,taurus-7,wattmetre_power_watt,86.3,"{""_device_orig"": [""wattmetre1-port6""]}"
2026-04-29T15:46:31.672282+02:00,taurus-7,wattmetre_power_watt,87.4,"{""_device_orig"": [""wattmetre1-port6""]}"
2026-04-29T15:46:31.692169+02:00,taurus-7,wattmetre_power_watt,84,"{""_device_orig"": [""wattmetre1-port6""]}"
2026-04-29T15:46:31.712174+02:00,taurus-7,wattmetre_power_watt,85.5,"{""_device_orig"": [""wattmetre1-port6""]}"
2026-04-29T15:46:31.732127+02:00,taurus-7,wattmetre_power_watt,86.7,"{""_device_orig"": [""wattmetre1-port6""]}"
2026-04-29T15:46:31.752127+02:00,taurus-7,wattmetre_power_watt,85.3,"{""_device_orig"": [""wattmetre1-port6""]}"
2026-04-29T15:46:31.772034+02:00,taurus-7,wattmetre_power_watt,83.7,"{""_device_orig"": [""wattmetre1-port6""]}"
2026-04-29T15:46:31.832167+02:00,taurus-7,wattmetre_power_watt,88.5,"{""_device_orig"": [""wattmetre1-port6""]}"
2026-04-29T15:46:31.852073+02:00,taurus-7,wattmetre_power_watt,85.6,"{""_device_orig"": [""wattmetre1-port6""]}"
2026-04-29T15:46:31.872102+02:00,taurus-7,wattmetre_power_watt,84.3,"{""_device_orig"": [""wattmetre1-port6""]}"
2026-04-29T15:46:31.892196+02:00,taurus-7,wattmetre_power_watt,81.3,"{""_device_orig"": [""wattmetre1-port6""]}"
2026-04-29T15:46:31.912196+02:00,taurus-7,wattmetre_power_watt,82.3,"{""_device_orig"": [""wattmetre1-port6""]}"
2026-04-29T15:46:31.932163+02:00,taurus-7,wattmetre_power_watt,83.4,"{""_device_orig"": [""wattmetre1-port6""]}"
2026-04-29T15:46:31.952077+02:00,taurus-7,wattmetre_power_watt,83.9,"{""_device_orig"": [""wattmetre1-port6""]}"
2026-04-29T15:46:31.972122+02:00,taurus-7,wattmetre_power_watt,86.5,"{""_device_orig"": [""wattmetre1-port6""]}"
2026-04-29T15:46:31.992235+02:00,taurus-7,wattmetre_power_watt,83.3,"{""_device_orig"": [""wattmetre1-port6""]}"
2026-04-29T15:46:32.012216+02:00,taurus-7,wattmetre_power_watt,81.4,"{""_device_orig"": [""wattmetre1-port6""]}"
2026-04-29T15:46:32.032171+02:00,taurus-7,wattmetre_power_watt,90.8,"{""_device_orig"": [""wattmetre1-port6""]}"
2026-04-29T15:46:32.052154+02:00,taurus-7,wattmetre_power_watt,96,"{""_device_orig"": [""wattmetre1-port6""]}"
2026-04-29T15:46:32.072085+02:00,taurus-7,wattmetre_power_watt,105.8,"{""_device_orig"": [""wattmetre1-port6""]}"
2026-04-29T15:46:32.092042+02:00,taurus-7,wattmetre_power_watt,106.6,"{""_device_orig"": [""wattmetre1-port6""]}"
2026-04-29T15:46:32.112242+02:00,taurus-7,wattmetre_power_watt,105,"{""_device_orig"": [""wattmetre1-port6""]}"
2026-04-29T15:46:32.132116+02:00,taurus-7,wattmetre_power_watt,102.9,"{""_device_orig"": [""wattmetre1-port6""]}"
2026-04-29T15:46:32.152166+02:00,taurus-7,wattmetre_power_watt,91.8,"{""_device_orig"": [""wattmetre1-port6""]}"
2026-04-29T15:46:32.172127+02:00,taurus-7,wattmetre_power_watt,87.6,"{""_device_orig"": [""wattmetre1-port6""]}"
2026-04-29T15:46:32.212249+02:00,taurus-7,wattmetre_power_watt,74.5,"{""_device_orig"": [""wattmetre1-port6""]}"
2026-04-29T15:46:32.232214+02:00,taurus-7,wattmetre_power_watt,76.8,"{""_device_orig"": [""wattmetre1-port6""]}"
2026-04-29T15:46:32.252166+02:00,taurus-7,wattmetre_power_watt,77.2,"{""_device_orig"": [""wattmetre1-port6""]}"
2026-04-29T15:46:32.272155+02:00,taurus-7,wattmetre_power_watt,82,"{""_device_orig"": [""wattmetre1-port6""]}"
2026-04-29T15:46:32.292114+02:00,taurus-7,wattmetre_power_watt,84.4,"{""_device_orig"": [""wattmetre1-port6""]}"
2026-04-29T15:46:32.312267+02:00,taurus-7,wattmetre_power_watt,87.7,"{""_device_orig"": [""wattmetre1-port6""]}"
2026-04-29T15:46:32.332238+02:00,taurus-7,wattmetre_power_watt,88.7,"{""_device_orig"": [""wattmetre1-port6""]}"
2026-04-29T15:46:32.352149+02:00,taurus-7,wattmetre_power_watt,82.7,"{""_device_orig"": [""wattmetre1-port6""]}"
2026-04-29T15:46:32.372168+02:00,taurus-7,wattmetre_power_watt,82.4,"{""_device_orig"": [""wattmetre1-port6""]}"
2026-04-29T15:46:32.392166+02:00,taurus-7,wattmetre_power_watt,78.3,"{""_device_orig"": [""wattmetre1-port6""]}"
2026-04-29T15:46:32.412118+02:00,taurus-7,wattmetre_power_watt,80.3,"{""_device_orig"": [""wattmetre1-port6""]}"
2026-04-29T15:46:32.432248+02:00,taurus-7,wattmetre_power_watt,83.1,"{""_device_orig"": [""wattmetre1-port6""]}"
2026-04-29T15:46:32.492162+02:00,taurus-7,wattmetre_power_watt,80.8,"{""_device_orig"": [""wattmetre1-port6""]}"
2026-04-29T15:46:32.512074+02:00,taurus-7,wattmetre_power_watt,83.1,"{""_device_orig"": [""wattmetre1-port6""]}"
2026-04-29T15:46:32.532252+02:00,taurus-7,wattmetre_power_watt,87.9,"{""_device_orig"": [""wattmetre1-port6""]}"
2026-04-29T15:46:32.552198+02:00,taurus-7,wattmetre_power_watt,84.7,"{""_device_orig"": [""wattmetre1-port6""]}"
2026-04-29T15:46:32.572163+02:00,taurus-7,wattmetre_power_watt,86.4,"{""_device_orig"": [""wattmetre1-port6""]}"
2026-04-29T15:46:32.592108+02:00,taurus-7,wattmetre_power_watt,86.9,"{""_device_orig"": [""wattmetre1-port6""]}"
2026-04-29T15:46:32.612105+02:00,taurus-7,wattmetre_power_watt,87.1,"{""_device_orig"": [""wattmetre1-port6""]}"
2026-04-29T15:46:32.632243+02:00,taurus-7,wattmetre_power_watt,85.2,"{""_device_orig"": [""wattmetre1-port6""]}"
2026-04-29T15:46:32.652245+02:00,taurus-7,wattmetre_power_watt,81.7,"{""_device_orig"": [""wattmetre1-port6""]}"
2026-04-29T15:46:32.692157+02:00,taurus-7,wattmetre_power_watt,85.1,"{""_device_orig"": [""wattmetre1-port6""]}"
2026-04-29T15:46:32.712105+02:00,taurus-7,wattmetre_power_watt,83.8,"{""_device_orig"": [""wattmetre1-port6""]}"
2026-04-29T15:46:32.73206+02:00,taurus-7,wattmetre_power_watt,85.4,"{""_device_orig"": [""wattmetre1-port6""]}"
2026-04-29T15:46:32.752153+02:00,taurus-7,wattmetre_power_watt,85.6,"{""_device_orig"": [""wattmetre1-port6""]}"
2026-04-29T15:46:32.772201+02:00,taurus-7,wattmetre_power_watt,85.7,"{""_device_orig"": [""wattmetre1-port6""]}"
2026-04-29T15:46:32.792126+02:00,taurus-7,wattmetre_power_watt,90.1,"{""_device_orig"": [""wattmetre1-port6""]}"
2026-04-29T15:46:32.812086+02:00,taurus-7,wattmetre_power_watt,94.9,"{""_device_orig"": [""wattmetre1-port6""]}"
2026-04-29T15:46:32.83203+02:00,taurus-7,wattmetre_power_watt,103,"{""_device_orig"": [""wattmetre1-port6""]}"
2026-04-29T15:46:32.852255+02:00,taurus-7,wattmetre_power_watt,95,"{""_device_orig"": [""wattmetre1-port6""]}"
2026-04-29T15:46:32.972172+02:00,taurus-7,wattmetre_power_watt,92.9,"{""_device_orig"": [""wattmetre1-port6""]}"
2026-04-29T15:46:33.012164+02:00,taurus-7,wattmetre_power_watt,102.9,"{""_device_orig"": [""wattmetre1-port6""]}"
2026-04-29T15:46:33.032051+02:00,taurus-7,wattmetre_power_watt,99,"{""_device_orig"": [""wattmetre1-port6""]}"
2026-04-29T15:46:33.05204+02:00,taurus-7,wattmetre_power_watt,86.4,"{""_device_orig"": [""wattmetre1-port6""]}"
2026-04-29T15:46:33.072153+02:00,taurus-7,wattmetre_power_watt,81.8,"{""_device_orig"": [""wattmetre1-port6""]}"
2026-04-29T15:46:33.092204+02:00,taurus-7,wattmetre_power_watt,78.9,"{""_device_orig"": [""wattmetre1-port6""]}"
2026-04-29T15:46:33.112163+02:00,taurus-7,wattmetre_power_watt,73.4,"{""_device_orig"": [""wattmetre1-port6""]}"
2026-04-29T15:46:33.132081+02:00,taurus-7,wattmetre_power_watt,72.9,"{""_device_orig"": [""wattmetre1-port6""]}"
2026-04-29T15:46:33.152076+02:00,taurus-7,wattmetre_power_watt,80.2,"{""_device_orig"": [""wattmetre1-port6""]}"
2026-04-29T15:46:33.17215+02:00,taurus-7,wattmetre_power_watt,79.6,"{""_device_orig"": [""wattmetre1-port6""]}"
2026-04-29T15:46:33.192146+02:00,taurus-7,wattmetre_power_watt,85,"{""_device_orig"": [""wattmetre1-port6""]}"
2026-04-29T15:46:33.212148+02:00,taurus-7,wattmetre_power_watt,82.4,"{""_device_orig"": [""wattmetre1-port6""]}"
2026-04-29T15:46:33.232074+02:00,taurus-7,wattmetre_power_watt,87.3,"{""_device_orig"": [""wattmetre1-port6""]}"
2026-04-29T15:46:33.252021+02:00,taurus-7,wattmetre_power_watt,82,"{""_device_orig"": [""wattmetre1-port6""]}"
2026-04-29T15:46:33.272211+02:00,taurus-7,wattmetre_power_watt,82,"{""_device_orig"": [""wattmetre1-port6""]}"
2026-04-29T15:46:33.292232+02:00,taurus-7,wattmetre_power_watt,83.1,"{""_device_orig"": [""wattmetre1-port6""]}"
2026-04-29T15:46:33.332132+02:00,taurus-7,wattmetre_power_watt,82.4,"{""_device_orig"": [""wattmetre1-port6""]}"
2026-04-29T15:46:33.352032+02:00,taurus-7,wattmetre_power_watt,85.5,"{""_device_orig"": [""wattmetre1-port6""]}"
2026-04-29T15:46:33.372047+02:00,taurus-7,wattmetre_power_watt,87.2,"{""_device_orig"": [""wattmetre1-port6""]}"
2026-04-29T15:46:33.39223+02:00,taurus-7,wattmetre_power_watt,83,"{""_device_orig"": [""wattmetre1-port6""]}"
2026-04-29T15:46:33.452096+02:00,taurus-7,wattmetre_power_watt,77.1,"{""_device_orig"": [""wattmetre1-port6""]}"
2026-04-29T15:46:33.472047+02:00,taurus-7,wattmetre_power_watt,83.7,"{""_device_orig"": [""wattmetre1-port6""]}"
2026-04-29T15:46:33.49215+02:00,taurus-7,wattmetre_power_watt,83.2,"{""_device_orig"": [""wattmetre1-port6""]}"
2026-04-29T15:46:33.512134+02:00,taurus-7,wattmetre_power_watt,89.5,"{""_device_orig"": [""wattmetre1-port6""]}"
2026-04-29T15:46:33.532046+02:00,taurus-7,wattmetre_power_watt,84.6,"{""_device_orig"": [""wattmetre1-port6""]}"
2026-04-29T15:46:33.552056+02:00,taurus-7,wattmetre_power_watt,89.8,"{""_device_orig"": [""wattmetre1-port6""]}"
2026-04-29T15:46:33.57205+02:00,taurus-7,wattmetre_power_watt,85,"{""_device_orig"": [""wattmetre1-port6""]}"
2026-04-29T15:46:33.592178+02:00,taurus-7,wattmetre_power_watt,89.5,"{""_device_orig"": [""wattmetre1-port6""]}"
2026-04-29T15:46:33.612128+02:00,taurus-7,wattmetre_power_watt,86.8,"{""_device_orig"": [""wattmetre1-port6""]}"
2026-04-29T15:46:33.632125+02:00,taurus-7,wattmetre_power_watt,88.6,"{""_device_orig"": [""wattmetre1-port6""]}"
2026-04-29T15:46:33.652094+02:00,taurus-7,wattmetre_power_watt,83,"{""_device_orig"": [""wattmetre1-port6""]}"
2026-04-29T15:46:33.672048+02:00,taurus-7,wattmetre_power_watt,81.4,"{""_device_orig"": [""wattmetre1-port6""]}"
2026-04-29T15:46:33.691994+02:00,taurus-7,wattmetre_power_watt,85.5,"{""_device_orig"": [""wattmetre1-port6""]}"
2026-04-29T15:46:33.712127+02:00,taurus-7,wattmetre_power_watt,85.8,"{""_device_orig"": [""wattmetre1-port6""]}"
2026-04-29T15:46:33.732087+02:00,taurus-7,wattmetre_power_watt,83.9,"{""_device_orig"": [""wattmetre1-port6""]}"
2026-04-29T15:46:33.752097+02:00,taurus-7,wattmetre_power_watt,80.7,"{""_device_orig"": [""wattmetre1-port6""]}"
2026-04-29T15:46:33.772018+02:00,taurus-7,wattmetre_power_watt,86.7,"{""_device_orig"": [""wattmetre1-port6""]}"
2026-04-29T15:46:33.832102+02:00,taurus-7,wattmetre_power_watt,90.2,"{""_device_orig"": [""wattmetre1-port6""]}"
2026-04-29T15:46:33.852101+02:00,taurus-7,wattmetre_power_watt,84.6,"{""_device_orig"": [""wattmetre1-port6""]}"
2026-04-29T15:46:33.872045+02:00,taurus-7,wattmetre_power_watt,77.3,"{""_device_orig"": [""wattmetre1-port6""]}"
2026-04-29T15:46:33.912175+02:00,taurus-7,wattmetre_power_watt,80.9,"{""_device_orig"": [""wattmetre1-port6""]}"
2026-04-29T15:46:33.932143+02:00,taurus-7,wattmetre_power_watt,83.8,"{""_device_orig"": [""wattmetre1-port6""]}"
2026-04-29T15:46:33.952142+02:00,taurus-7,wattmetre_power_watt,81.3,"{""_device_orig"": [""wattmetre1-port6""]}"
2026-04-29T15:46:33.972048+02:00,taurus-7,wattmetre_power_watt,78.7,"{""_device_orig"": [""wattmetre1-port6""]}"
2026-04-29T15:46:33.992003+02:00,taurus-7,wattmetre_power_watt,84.7,"{""_device_orig"": [""wattmetre1-port6""]}"
2026-04-29T15:46:34.011993+02:00,taurus-7,wattmetre_power_watt,78.1,"{""_device_orig"": [""wattmetre1-port6""]}"
2026-04-29T15:46:34.03214+02:00,taurus-7,wattmetre_power_watt,84.7,"{""_device_orig"": [""wattmetre1-port6""]}"
2026-04-29T15:46:34.05206+02:00,taurus-7,wattmetre_power_watt,86.8,"{""_device_orig"": [""wattmetre1-port6""]}"
2026-04-29T15:46:34.092078+02:00,taurus-7,wattmetre_power_watt,83.9,"{""_device_orig"": [""wattmetre1-port6""]}"
2026-04-29T15:46:34.112042+02:00,taurus-7,wattmetre_power_watt,82.3,"{""_device_orig"": [""wattmetre1-port6""]}"
2026-04-29T15:46:34.132127+02:00,taurus-7,wattmetre_power_watt,79.8,"{""_device_orig"": [""wattmetre1-port6""]}"
2026-04-29T15:46:34.152066+02:00,taurus-7,wattmetre_power_watt,81.4,"{""_device_orig"": [""wattmetre1-port6""]}"
2026-04-29T15:46:34.172089+02:00,taurus-7,wattmetre_power_watt,80.4,"{""_device_orig"": [""wattmetre1-port6""]}"
2026-04-29T15:46:34.192056+02:00,taurus-7,wattmetre_power_watt,85.2,"{""_device_orig"": [""wattmetre1-port6""]}"
2026-04-29T15:46:34.212013+02:00,taurus-7,wattmetre_power_watt,83.2,"{""_device_orig"": [""wattmetre1-port6""]}"
2026-04-29T15:46:34.232188+02:00,taurus-7,wattmetre_power_watt,81.8,"{""_device_orig"": [""wattmetre1-port6""]}"
2026-04-29T15:46:34.252146+02:00,taurus-7,wattmetre_power_watt,82,"{""_device_orig"": [""wattmetre1-port6""]}"
2026-04-29T15:46:34.272101+02:00,taurus-7,wattmetre_power_watt,87.1,"{""_device_orig"": [""wattmetre1-port6""]}"
2026-04-29T15:46:34.292059+02:00,taurus-7,wattmetre_power_watt,83.6,"{""_device_orig"": [""wattmetre1-port6""]}"
2026-04-29T15:46:34.311977+02:00,taurus-7,wattmetre_power_watt,86,"{""_device_orig"": [""wattmetre1-port6""]}"
2026-04-29T15:46:34.332018+02:00,taurus-7,wattmetre_power_watt,78.3,"{""_device_orig"": [""wattmetre1-port6""]}"
2026-04-29T15:46:34.352144+02:00,taurus-7,wattmetre_power_watt,86.7,"{""_device_orig"": [""wattmetre1-port6""]}"
2026-04-29T15:46:34.372101+02:00,taurus-7,wattmetre_power_watt,84.1,"{""_device_orig"": [""wattmetre1-port6""]}"
2026-04-29T15:46:34.432018+02:00,taurus-7,wattmetre_power_watt,81.1,"{""_device_orig"": [""wattmetre1-port6""]}"
2026-04-29T15:46:34.452175+02:00,taurus-7,wattmetre_power_watt,82.1,"{""_device_orig"": [""wattmetre1-port6""]}"
2026-04-29T15:46:34.472102+02:00,taurus-7,wattmetre_power_watt,85.8,"{""_device_orig"": [""wattmetre1-port6""]}"
2026-04-29T15:46:34.492074+02:00,taurus-7,wattmetre_power_watt,80.6,"{""_device_orig"": [""wattmetre1-port6""]}"
2026-04-29T15:46:34.512077+02:00,taurus-7,wattmetre_power_watt,84.7,"{""_device_orig"": [""wattmetre1-port6""]}"
2026-04-29T15:46:34.532048+02:00,taurus-7,wattmetre_power_watt,84.5,"{""_device_orig"": [""wattmetre1-port6""]}"
2026-04-29T15:46:34.552174+02:00,taurus-7,wattmetre_power_watt,85.9,"{""_device_orig"": [""wattmetre1-port6""]}"
2026-04-29T15:46:34.572088+02:00,taurus-7,wattmetre_power_watt,82.5,"{""_device_orig"": [""wattmetre1-port6""]}"
2026-04-29T15:46:34.592072+02:00,taurus-7,wattmetre_power_watt,83,"{""_device_orig"": [""wattmetre1-port6""]}"
2026-04-29T15:46:34.651991+02:00,taurus-7,wattmetre_power_watt,83.7,"{""_device_orig"": [""wattmetre1-port6""]}"
2026-04-29T15:46:34.67212+02:00,taurus-7,wattmetre_power_watt,86.2,"{""_device_orig"": [""wattmetre1-port6""]}"
2026-04-29T15:46:34.692095+02:00,taurus-7,wattmetre_power_watt,85.8,"{""_device_orig"": [""wattmetre1-port6""]}"
2026-04-29T15:46:34.712084+02:00,taurus-7,wattmetre_power_watt,82.8,"{""_device_orig"": [""wattmetre1-port6""]}"
2026-04-29T15:46:34.732047+02:00,taurus-7,wattmetre_power_watt,89.5,"{""_device_orig"": [""wattmetre1-port6""]}"
2026-04-29T15:46:34.751995+02:00,taurus-7,wattmetre_power_watt,89.4,"{""_device_orig"": [""wattmetre1-port6""]}"
2026-04-29T15:46:34.792126+02:00,taurus-7,wattmetre_power_watt,90.4,"{""_device_orig"": [""wattmetre1-port6""]}"
2026-04-29T15:46:34.812049+02:00,taurus-7,wattmetre_power_watt,101.4,"{""_device_orig"": [""wattmetre1-port6""]}"
2026-04-29T15:46:34.832046+02:00,taurus-7,wattmetre_power_watt,102.2,"{""_device_orig"": [""wattmetre1-port6""]}"
2026-04-29T15:46:34.892139+02:00,taurus-7,wattmetre_power_watt,109,"{""_device_orig"": [""wattmetre1-port6""]}"
2026-04-29T15:46:34.912086+02:00,taurus-7,wattmetre_power_watt,115.6,"{""_device_orig"": [""wattmetre1-port6""]}"
2026-04-29T15:46:34.931984+02:00,taurus-7,wattmetre_power_watt,115.2,"{""_device_orig"": [""wattmetre1-port6""]}"
2026-04-29T15:46:34.952042+02:00,taurus-7,wattmetre_power_watt,118.5,"{""_device_orig"": [""wattmetre1-port6""]}"
2026-04-29T15:46:34.971961+02:00,taurus-7,wattmetre_power_watt,111.3,"{""_device_orig"": [""wattmetre1-port6""]}"
2026-04-29T15:46:34.992138+02:00,taurus-7,wattmetre_power_watt,99.6,"{""_device_orig"": [""wattmetre1-port6""]}"
2026-04-29T15:46:35.012052+02:00,taurus-7,wattmetre_power_watt,83.7,"{""_device_orig"": [""wattmetre1-port6""]}"
2026-04-29T15:46:35.032035+02:00,taurus-7,wattmetre_power_watt,74.1,"{""_device_orig"": [""wattmetre1-port6""]}"
2026-04-29T15:46:35.071989+02:00,taurus-7,wattmetre_power_watt,85.4,"{""_device_orig"": [""wattmetre1-port6""]}"
2026-04-29T15:46:35.092123+02:00,taurus-7,wattmetre_power_watt,91.4,"{""_device_orig"": [""wattmetre1-port6""]}"
2026-04-29T15:46:35.112086+02:00,taurus-7,wattmetre_power_watt,88.7,"{""_device_orig"": [""wattmetre1-port6""]}"
2026-04-29T15:46:35.132096+02:00,taurus-7,wattmetre_power_watt,95.8,"{""_device_orig"": [""wattmetre1-port6""]}"
2026-04-29T15:46:35.15205+02:00,taurus-7,wattmetre_power_watt,108.5,"{""_device_orig"": [""wattmetre1-port6""]}"
2026-04-29T15:46:35.171958+02:00,taurus-7,wattmetre_power_watt,109.8,"{""_device_orig"": [""wattmetre1-port6""]}"
2026-04-29T15:46:35.192146+02:00,taurus-7,wattmetre_power_watt,115.3,"{""_device_orig"": [""wattmetre1-port6""]}"
2026-04-29T15:46:35.21212+02:00,taurus-7,wattmetre_power_watt,117.9,"{""_device_orig"": [""wattmetre1-port6""]}"
2026-04-29T15:46:35.23205+02:00,taurus-7,wattmetre_power_watt,122.6,"{""_device_orig"": [""wattmetre1-port6""]}"
2026-04-29T15:46:35.271992+02:00,taurus-7,wattmetre_power_watt,91.2,"{""_device_orig"": [""wattmetre1-port6""]}"
2026-04-29T15:46:35.291987+02:00,taurus-7,wattmetre_power_watt,85,"{""_device_orig"": [""wattmetre1-port6""]}"
2026-04-29T15:46:35.312141+02:00,taurus-7,wattmetre_power_watt,91,"{""_device_orig"": [""wattmetre1-port6""]}"
2026-04-29T15:46:35.332113+02:00,taurus-7,wattmetre_power_watt,99.9,"{""_device_orig"": [""wattmetre1-port6""]}"
2026-04-29T15:46:35.352023+02:00,taurus-7,wattmetre_power_watt,92.2,"{""_device_orig"": [""wattmetre1-port6""]}"
2026-04-29T15:46:35.37202+02:00,taurus-7,wattmetre_power_watt,87.2,"{""_device_orig"": [""wattmetre1-port6""]}"
2026-04-29T15:46:35.391982+02:00,taurus-7,wattmetre_power_watt,80,"{""_device_orig"": [""wattmetre1-port6""]}"
2026-04-29T15:46:35.412138+02:00,taurus-7,wattmetre_power_watt,79.6,"{""_device_orig"": [""wattmetre1-port6""]}"
2026-04-29T15:46:35.432039+02:00,taurus-7,wattmetre_power_watt,81.1,"{""_device_orig"": [""wattmetre1-port6""]}"
2026-04-29T15:46:35.452096+02:00,taurus-7,wattmetre_power_watt,85.4,"{""_device_orig"": [""wattmetre1-port6""]}"
2026-04-29T15:46:35.512117+02:00,taurus-7,wattmetre_power_watt,86.6,"{""_device_orig"": [""wattmetre1-port6""]}"
2026-04-29T15:46:35.532038+02:00,taurus-7,wattmetre_power_watt,89.4,"{""_device_orig"": [""wattmetre1-port6""]}"
2026-04-29T15:46:35.552031+02:00,taurus-7,wattmetre_power_watt,87.6,"{""_device_orig"": [""wattmetre1-port6""]}"
2026-04-29T15:46:35.572009+02:00,taurus-7,wattmetre_power_watt,87.3,"{""_device_orig"": [""wattmetre1-port6""]}"
2026-04-29T15:46:35.592006+02:00,taurus-7,wattmetre_power_watt,91.4,"{""_device_orig"": [""wattmetre1-port6""]}"
2026-04-29T15:46:35.611943+02:00,taurus-7,wattmetre_power_watt,88.4,"{""_device_orig"": [""wattmetre1-port6""]}"
2026-04-29T15:46:35.632092+02:00,taurus-7,wattmetre_power_watt,88.7,"{""_device_orig"": [""wattmetre1-port6""]}"
2026-04-29T15:46:35.652084+02:00,taurus-7,wattmetre_power_watt,85.7,"{""_device_orig"": [""wattmetre1-port6""]}"
2026-04-29T15:46:35.67205+02:00,taurus-7,wattmetre_power_watt,94.7,"{""_device_orig"": [""wattmetre1-port6""]}"
2026-04-29T15:46:35.732081+02:00,taurus-7,wattmetre_power_watt,115.1,"{""_device_orig"": [""wattmetre1-port6""]}"
2026-04-29T15:46:35.75213+02:00,taurus-7,wattmetre_power_watt,114.6,"{""_device_orig"": [""wattmetre1-port6""]}"
2026-04-29T15:46:35.772046+02:00,taurus-7,wattmetre_power_watt,108.8,"{""_device_orig"": [""wattmetre1-port6""]}"
2026-04-29T15:46:35.791968+02:00,taurus-7,wattmetre_power_watt,97,"{""_device_orig"": [""wattmetre1-port6""]}"
2026-04-29T15:46:35.811902+02:00,taurus-7,wattmetre_power_watt,93.6,"{""_device_orig"": [""wattmetre1-port6""]}"
2026-04-29T15:46:35.832151+02:00,taurus-7,wattmetre_power_watt,85.4,"{""_device_orig"": [""wattmetre1-port6""]}"
2026-04-29T15:46:35.892013+02:00,taurus-7,wattmetre_power_watt,99.7,"{""_device_orig"": [""wattmetre1-port6""]}"
2026-04-29T15:46:35.952041+02:00,taurus-7,wattmetre_power_watt,101.7,"{""_device_orig"": [""wattmetre1-port6""]}"
2026-04-29T15:46:35.972002+02:00,taurus-7,wattmetre_power_watt,99.8,"{""_device_orig"": [""wattmetre1-port6""]}"
2026-04-29T15:46:35.992006+02:00,taurus-7,wattmetre_power_watt,99.3,"{""_device_orig"": [""wattmetre1-port6""]}"
2026-04-29T15:46:36.01195+02:00,taurus-7,wattmetre_power_watt,94.5,"{""_device_orig"": [""wattmetre1-port6""]}"
2026-04-29T15:46:36.031878+02:00,taurus-7,wattmetre_power_watt,90.2,"{""_device_orig"": [""wattmetre1-port6""]}"
2026-04-29T15:46:36.05207+02:00,taurus-7,wattmetre_power_watt,90.3,"{""_device_orig"": [""wattmetre1-port6""]}"
2026-04-29T15:46:36.072136+02:00,taurus-7,wattmetre_power_watt,95.6,"{""_device_orig"": [""wattmetre1-port6""]}"
2026-04-29T15:46:36.091954+02:00,taurus-7,wattmetre_power_watt,85.4,"{""_device_orig"": [""wattmetre1-port6""]}"
2026-04-29T15:46:36.11204+02:00,taurus-7,wattmetre_power_watt,91,"{""_device_orig"": [""wattmetre1-port6""]}"
2026-04-29T15:46:36.131967+02:00,taurus-7,wattmetre_power_watt,85.1,"{""_device_orig"": [""wattmetre1-port6""]}"
2026-04-29T15:46:36.15221+02:00,taurus-7,wattmetre_power_watt,84.1,"{""_device_orig"": [""wattmetre1-port6""]}"
2026-04-29T15:46:36.172084+02:00,taurus-7,wattmetre_power_watt,88.2,"{""_device_orig"": [""wattmetre1-port6""]}"
2026-04-29T15:46:36.192023+02:00,taurus-7,wattmetre_power_watt,100,"{""_device_orig"": [""wattmetre1-port6""]}"
2026-04-29T15:46:36.211954+02:00,taurus-7,wattmetre_power_watt,102.5,"{""_device_orig"": [""wattmetre1-port6""]}"
2026-04-29T15:46:36.231975+02:00,taurus-7,wattmetre_power_watt,96.1,"{""_device_orig"": [""wattmetre1-port6""]}"
2026-04-29T15:46:36.251926+02:00,taurus-7,wattmetre_power_watt,90.6,"{""_device_orig"": [""wattmetre1-port6""]}"
2026-04-29T15:46:36.272116+02:00,taurus-7,wattmetre_power_watt,85.9,"{""_device_orig"": [""wattmetre1-port6""]}"
2026-04-29T15:46:36.292078+02:00,taurus-7,wattmetre_power_watt,91.1,"{""_device_orig"": [""wattmetre1-port6""]}"
2026-04-29T15:46:36.312034+02:00,taurus-7,wattmetre_power_watt,97.6,"{""_device_orig"": [""wattmetre1-port6""]}"
2026-04-29T15:46:36.331952+02:00,taurus-7,wattmetre_power_watt,108,"{""_device_orig"": [""wattmetre1-port6""]}"
2026-04-29T15:46:36.352134+02:00,taurus-7,wattmetre_power_watt,109.9,"{""_device_orig"": [""wattmetre1-port6""]}"
2026-04-29T15:46:36.372105+02:00,taurus-7,wattmetre_power_watt,116,"{""_device_orig"": [""wattmetre1-port6""]}"
2026-04-29T15:46:36.392065+02:00,taurus-7,wattmetre_power_watt,108.1,"{""_device_orig"": [""wattmetre1-port6""]}"
2026-04-29T15:46:36.41201+02:00,taurus-7,wattmetre_power_watt,93.7,"{""_device_orig"": [""wattmetre1-port6""]}"
2026-04-29T15:46:36.431968+02:00,taurus-7,wattmetre_power_watt,84.2,"{""_device_orig"": [""wattmetre1-port6""]}"
2026-04-29T15:46:36.452016+02:00,taurus-7,wattmetre_power_watt,82.2,"{""_device_orig"": [""wattmetre1-port6""]}"
2026-04-29T15:46:36.472144+02:00,taurus-7,wattmetre_power_watt,83,"{""_device_orig"": [""wattmetre1-port6""]}"
2026-04-29T15:46:36.492092+02:00,taurus-7,wattmetre_power_watt,77.9,"{""_device_orig"": [""wattmetre1-port6""]}"
2026-04-29T15:46:36.512058+02:00,taurus-7,wattmetre_power_watt,86.7,"{""_device_orig"": [""wattmetre1-port6""]}"
2026-04-29T15:46:36.532031+02:00,taurus-7,wattmetre_power_watt,87.3,"{""_device_orig"": [""wattmetre1-port6""]}"
2026-04-29T15:46:36.551994+02:00,taurus-7,wattmetre_power_watt,90.6,"{""_device_orig"": [""wattmetre1-port6""]}"
2026-04-29T15:46:36.631967+02:00,taurus-7,wattmetre_power_watt,83.6,"{""_device_orig"": [""wattmetre1-port6""]}"
2026-04-29T15:46:36.732006+02:00,taurus-7,wattmetre_power_watt,82.5,"{""_device_orig"": [""wattmetre1-port6""]}"
2026-04-29T15:46:36.751982+02:00,taurus-7,wattmetre_power_watt,74.3,"{""_device_orig"": [""wattmetre1-port6""]}"
2026-04-29T15:46:36.771897+02:00,taurus-7,wattmetre_power_watt,86.8,"{""_device_orig"": [""wattmetre1-port6""]}"
2026-04-29T15:46:36.792123+02:00,taurus-7,wattmetre_power_watt,87.2,"{""_device_orig"": [""wattmetre1-port6""]}"
2026-04-29T15:46:36.81208+02:00,taurus-7,wattmetre_power_watt,83.2,"{""_device_orig"": [""wattmetre1-port6""]}"
2026-04-29T15:46:36.831967+02:00,taurus-7,wattmetre_power_watt,83.4,"{""_device_orig"": [""wattmetre1-port6""]}"
2026-04-29T15:46:36.851938+02:00,taurus-7,wattmetre_power_watt,83.7,"{""_device_orig"": [""wattmetre1-port6""]}"
2026-04-29T15:46:36.871932+02:00,taurus-7,wattmetre_power_watt,87,"{""_device_orig"": [""wattmetre1-port6""]}"
2026-04-29T15:46:36.891964+02:00,taurus-7,wattmetre_power_watt,86.9,"{""_device_orig"": [""wattmetre1-port6""]}"
2026-04-29T15:46:36.912034+02:00,taurus-7,wattmetre_power_watt,82.7,"{""_device_orig"": [""wattmetre1-port6""]}"
2026-04-29T15:46:36.932011+02:00,taurus-7,wattmetre_power_watt,88.6,"{""_device_orig"": [""wattmetre1-port6""]}"
2026-04-29T15:46:36.952038+02:00,taurus-7,wattmetre_power_watt,82.4,"{""_device_orig"": [""wattmetre1-port6""]}"
2026-04-29T15:46:36.971934+02:00,taurus-7,wattmetre_power_watt,86.3,"{""_device_orig"": [""wattmetre1-port6""]}"
2026-04-29T15:46:37.031947+02:00,taurus-7,wattmetre_power_watt,83.8,"{""_device_orig"": [""wattmetre1-port6""]}"
2026-04-29T15:46:37.051949+02:00,taurus-7,wattmetre_power_watt,86.8,"{""_device_orig"": [""wattmetre1-port6""]}"
2026-04-29T15:46:37.071958+02:00,taurus-7,wattmetre_power_watt,86.6,"{""_device_orig"": [""wattmetre1-port6""]}"
2026-04-29T15:46:37.091931+02:00,taurus-7,wattmetre_power_watt,86.7,"{""_device_orig"": [""wattmetre1-port6""]}"
2026-04-29T15:46:37.112111+02:00,taurus-7,wattmetre_power_watt,82.8,"{""_device_orig"": [""wattmetre1-port6""]}"
2026-04-29T15:46:37.132053+02:00,taurus-7,wattmetre_power_watt,86.9,"{""_device_orig"": [""wattmetre1-port6""]}"
2026-04-29T15:46:37.152009+02:00,taurus-7,wattmetre_power_watt,91.4,"{""_device_orig"": [""wattmetre1-port6""]}"
2026-04-29T15:46:37.171938+02:00,taurus-7,wattmetre_power_watt,97.2,"{""_device_orig"": [""wattmetre1-port6""]}"
2026-04-29T15:46:37.191885+02:00,taurus-7,wattmetre_power_watt,90.6,"{""_device_orig"": [""wattmetre1-port6""]}"
2026-04-29T15:46:37.252018+02:00,taurus-7,wattmetre_power_watt,84.3,"{""_device_orig"": [""wattmetre1-port6""]}"
2026-04-29T15:46:37.271917+02:00,taurus-7,wattmetre_power_watt,77.8,"{""_device_orig"": [""wattmetre1-port6""]}"
2026-04-29T15:46:37.291972+02:00,taurus-7,wattmetre_power_watt,80,"{""_device_orig"": [""wattmetre1-port6""]}"
2026-04-29T15:46:37.311875+02:00,taurus-7,wattmetre_power_watt,81.9,"{""_device_orig"": [""wattmetre1-port6""]}"
2026-04-29T15:46:37.332038+02:00,taurus-7,wattmetre_power_watt,88.9,"{""_device_orig"": [""wattmetre1-port6""]}"
2026-04-29T15:46:37.351924+02:00,taurus-7,wattmetre_power_watt,89.8,"{""_device_orig"": [""wattmetre1-port6""]}"
2026-04-29T15:46:37.371929+02:00,taurus-7,wattmetre_power_watt,81.8,"{""_device_orig"": [""wattmetre1-port6""]}"
2026-04-29T15:46:37.391932+02:00,taurus-7,wattmetre_power_watt,83,"{""_device_orig"": [""wattmetre1-port6""]}"
2026-04-29T15:46:37.411933+02:00,taurus-7,wattmetre_power_watt,77.6,"{""_device_orig"": [""wattmetre1-port6""]}"
2026-04-29T15:46:37.431999+02:00,taurus-7,wattmetre_power_watt,79.4,"{""_device_orig"": [""wattmetre1-port6""]}"
2026-04-29T15:46:37.451974+02:00,taurus-7,wattmetre_power_watt,81.3,"{""_device_orig"": [""wattmetre1-port6""]}"
2026-04-29T15:46:37.471943+02:00,taurus-7,wattmetre_power_watt,82.8,"{""_device_orig"": [""wattmetre1-port6""]}"
2026-04-29T15:46:37.511964+02:00,taurus-7,wattmetre_power_watt,84,"{""_device_orig"": [""wattmetre1-port6""]}"
2026-04-29T15:46:37.532026+02:00,taurus-7,wattmetre_power_watt,88.2,"{""_device_orig"": [""wattmetre1-port6""]}"
2026-04-29T15:46:37.552009+02:00,taurus-7,wattmetre_power_watt,85.7,"{""_device_orig"": [""wattmetre1-port6""]}"
2026-04-29T15:46:37.571921+02:00,taurus-7,wattmetre_power_watt,84.1,"{""_device_orig"": [""wattmetre1-port6""]}"
2026-04-29T15:46:37.591959+02:00,taurus-7,wattmetre_power_watt,81.1,"{""_device_orig"": [""wattmetre1-port6""]}"
2026-04-29T15:46:37.611868+02:00,taurus-7,wattmetre_power_watt,76.3,"{""_device_orig"": [""wattmetre1-port6""]}"
2026-04-29T15:46:37.631918+02:00,taurus-7,wattmetre_power_watt,80.1,"{""_device_orig"": [""wattmetre1-port6""]}"
2026-04-29T15:46:37.652028+02:00,taurus-7,wattmetre_power_watt,84.6,"{""_device_orig"": [""wattmetre1-port6""]}"
2026-04-29T15:46:37.711934+02:00,taurus-7,wattmetre_power_watt,83.8,"{""_device_orig"": [""wattmetre1-port6""]}"
2026-04-29T15:46:37.731894+02:00,taurus-7,wattmetre_power_watt,88.1,"{""_device_orig"": [""wattmetre1-port6""]}"
2026-04-29T15:46:37.911998+02:00,taurus-7,wattmetre_power_watt,87,"{""_device_orig"": [""wattmetre1-port6""]}"
2026-04-29T15:46:37.931993+02:00,taurus-7,wattmetre_power_watt,89.2,"{""_device_orig"": [""wattmetre1-port6""]}"
2026-04-29T15:46:37.951961+02:00,taurus-7,wattmetre_power_watt,84.6,"{""_device_orig"": [""wattmetre1-port6""]}"
2026-04-29T15:46:37.972037+02:00,taurus-7,wattmetre_power_watt,79.6,"{""_device_orig"": [""wattmetre1-port6""]}"
2026-04-29T15:46:37.992047+02:00,taurus-7,wattmetre_power_watt,84.1,"{""_device_orig"": [""wattmetre1-port6""]}"
2026-04-29T15:46:38.011996+02:00,taurus-7,wattmetre_power_watt,84.6,"{""_device_orig"": [""wattmetre1-port6""]}"
2026-04-29T15:46:38.03193+02:00,taurus-7,wattmetre_power_watt,78.6,"{""_device_orig"": [""wattmetre1-port6""]}"
2026-04-29T15:46:38.051935+02:00,taurus-7,wattmetre_power_watt,81.3,"{""_device_orig"": [""wattmetre1-port6""]}"
2026-04-29T15:46:38.072073+02:00,taurus-7,wattmetre_power_watt,90.2,"{""_device_orig"": [""wattmetre1-port6""]}"
2026-04-29T15:46:38.091974+02:00,taurus-7,wattmetre_power_watt,89.6,"{""_device_orig"": [""wattmetre1-port6""]}"
2026-04-29T15:46:38.111911+02:00,taurus-7,wattmetre_power_watt,96.8,"{""_device_orig"": [""wattmetre1-port6""]}"
2026-04-29T15:46:38.131958+02:00,taurus-7,wattmetre_power_watt,102.2,"{""_device_orig"": [""wattmetre1-port6""]}"
2026-04-29T15:46:38.15189+02:00,taurus-7,wattmetre_power_watt,95,"{""_device_orig"": [""wattmetre1-port6""]}"
2026-04-29T15:46:38.171898+02:00,taurus-7,wattmetre_power_watt,87.7,"{""_device_orig"": [""wattmetre1-port6""]}"
2026-04-29T15:46:38.192032+02:00,taurus-7,wattmetre_power_watt,80.3,"{""_device_orig"": [""wattmetre1-port6""]}"
2026-04-29T15:46:38.212006+02:00,taurus-7,wattmetre_power_watt,77.1,"{""_device_orig"": [""wattmetre1-port6""]}"
2026-04-29T15:46:38.231973+02:00,taurus-7,wattmetre_power_watt,78.5,"{""_device_orig"": [""wattmetre1-port6""]}"
2026-04-29T15:46:38.251899+02:00,taurus-7,wattmetre_power_watt,81.3,"{""_device_orig"": [""wattmetre1-port6""]}"
2026-04-29T15:46:38.271936+02:00,taurus-7,wattmetre_power_watt,76,"{""_device_orig"": [""wattmetre1-port6""]}"
2026-04-29T15:46:38.292036+02:00,taurus-7,wattmetre_power_watt,79.6,"{""_device_orig"": [""wattmetre1-port6""]}"
2026-04-29T15:46:38.312006+02:00,taurus-7,wattmetre_power_watt,82.1,"{""_device_orig"": [""wattmetre1-port6""]}"
2026-04-29T15:46:38.331971+02:00,taurus-7,wattmetre_power_watt,86,"{""_device_orig"": [""wattmetre1-port6""]}"
2026-04-29T15:46:38.351933+02:00,taurus-7,wattmetre_power_watt,88.2,"{""_device_orig"": [""wattmetre1-port6""]}"
2026-04-29T15:46:38.3719+02:00,taurus-7,wattmetre_power_watt,82.5,"{""_device_orig"": [""wattmetre1-port6""]}"
2026-04-29T15:46:38.392076+02:00,taurus-7,wattmetre_power_watt,78.7,"{""_device_orig"": [""wattmetre1-port6""]}"
2026-04-29T15:46:38.412033+02:00,taurus-7,wattmetre_power_watt,84,"{""_device_orig"": [""wattmetre1-port6""]}"
2026-04-29T15:46:38.431942+02:00,taurus-7,wattmetre_power_watt,83.3,"{""_device_orig"": [""wattmetre1-port6""]}"
2026-04-29T15:46:38.451974+02:00,taurus-7,wattmetre_power_watt,82.8,"{""_device_orig"": [""wattmetre1-port6""]}"
2026-04-29T15:46:38.471941+02:00,taurus-7,wattmetre_power_watt,84.8,"{""_device_orig"": [""wattmetre1-port6""]}"
2026-04-29T15:46:38.492071+02:00,taurus-7,wattmetre_power_watt,84.9,"{""_device_orig"": [""wattmetre1-port6""]}"
2026-04-29T15:46:38.512059+02:00,taurus-7,wattmetre_power_watt,82.4,"{""_device_orig"": [""wattmetre1-port6""]}"
2026-04-29T15:46:38.531881+02:00,taurus-7,wattmetre_power_watt,80.8,"{""_device_orig"": [""wattmetre1-port6""]}"
2026-04-29T15:46:38.551964+02:00,taurus-7,wattmetre_power_watt,85.2,"{""_device_orig"": [""wattmetre1-port6""]}"
2026-04-29T15:46:38.571902+02:00,taurus-7,wattmetre_power_watt,86.2,"{""_device_orig"": [""wattmetre1-port6""]}"
2026-04-29T15:46:38.591859+02:00,taurus-7,wattmetre_power_watt,88.9,"{""_device_orig"": [""wattmetre1-port6""]}"
2026-04-29T15:46:38.612004+02:00,taurus-7,wattmetre_power_watt,80.9,"{""_device_orig"": [""wattmetre1-port6""]}"
2026-04-29T15:46:38.632008+02:00,taurus-7,wattmetre_power_watt,83.1,"{""_device_orig"": [""wattmetre1-port6""]}"
2026-04-29T15:46:38.651906+02:00,taurus-7,wattmetre_power_watt,88,"{""_device_orig"": [""wattmetre1-port6""]}"
2026-04-29T15:46:38.671905+02:00,taurus-7,wattmetre_power_watt,94.8,"{""_device_orig"": [""wattmetre1-port6""]}"
2026-04-29T15:46:38.691884+02:00,taurus-7,wattmetre_power_watt,93.3,"{""_device_orig"": [""wattmetre1-port6""]}"
2026-04-29T15:46:38.711985+02:00,taurus-7,wattmetre_power_watt,89.9,"{""_device_orig"": [""wattmetre1-port6""]}"
2026-04-29T15:46:38.73203+02:00,taurus-7,wattmetre_power_watt,87.4,"{""_device_orig"": [""wattmetre1-port6""]}"
2026-04-29T15:46:38.751889+02:00,taurus-7,wattmetre_power_watt,91.8,"{""_device_orig"": [""wattmetre1-port6""]}"
2026-04-29T15:46:38.7719+02:00,taurus-7,wattmetre_power_watt,94.7,"{""_device_orig"": [""wattmetre1-port6""]}"
2026-04-29T15:46:38.791941+02:00,taurus-7,wattmetre_power_watt,95.1,"{""_device_orig"": [""wattmetre1-port6""]}"
2026-04-29T15:46:38.831991+02:00,taurus-7,wattmetre_power_watt,88.8,"{""_device_orig"": [""wattmetre1-port6""]}"
2026-04-29T15:46:38.891915+02:00,taurus-7,wattmetre_power_watt,90.8,"{""_device_orig"": [""wattmetre1-port6""]}"
2026-04-29T15:46:38.911862+02:00,taurus-7,wattmetre_power_watt,82.4,"{""_device_orig"": [""wattmetre1-port6""]}"
2026-04-29T15:46:38.932008+02:00,taurus-7,wattmetre_power_watt,84.5,"{""_device_orig"": [""wattmetre1-port6""]}"
2026-04-29T15:46:38.951942+02:00,taurus-7,wattmetre_power_watt,81.3,"{""_device_orig"": [""wattmetre1-port6""]}"
2026-04-29T15:46:38.971938+02:00,taurus-7,wattmetre_power_watt,81.7,"{""_device_orig"": [""wattmetre1-port6""]}"
2026-04-29T15:46:38.992069+02:00,taurus-7,wattmetre_power_watt,81.9,"{""_device_orig"": [""wattmetre1-port6""]}"
2026-04-29T15:46:39.011864+02:00,taurus-7,wattmetre_power_watt,83.4,"{""_device_orig"": [""wattmetre1-port6""]}"
2026-04-29T15:46:39.031958+02:00,taurus-7,wattmetre_power_watt,80.8,"{""_device_orig"": [""wattmetre1-port6""]}"
2026-04-29T15:46:39.05198+02:00,taurus-7,wattmetre_power_watt,84.1,"{""_device_orig"": [""wattmetre1-port6""]}"
2026-04-29T15:46:39.07198+02:00,taurus-7,wattmetre_power_watt,81.7,"{""_device_orig"": [""wattmetre1-port6""]}"
2026-04-29T15:46:39.091906+02:00,taurus-7,wattmetre_power_watt,89.5,"{""_device_orig"": [""wattmetre1-port6""]}"
2026-04-29T15:46:39.111856+02:00,taurus-7,wattmetre_power_watt,91.4,"{""_device_orig"": [""wattmetre1-port6""]}"
2026-04-29T15:46:39.131863+02:00,taurus-7,wattmetre_power_watt,95.6,"{""_device_orig"": [""wattmetre1-port6""]}"
2026-04-29T15:46:39.151985+02:00,taurus-7,wattmetre_power_watt,96.7,"{""_device_orig"": [""wattmetre1-port6""]}"
2026-04-29T15:46:39.171948+02:00,taurus-7,wattmetre_power_watt,92.5,"{""_device_orig"": [""wattmetre1-port6""]}"
2026-04-29T15:46:39.191938+02:00,taurus-7,wattmetre_power_watt,89.4,"{""_device_orig"": [""wattmetre1-port6""]}"
2026-04-29T15:46:39.211862+02:00,taurus-7,wattmetre_power_watt,85.3,"{""_device_orig"": [""wattmetre1-port6""]}"
2026-04-29T15:46:39.23179+02:00,taurus-7,wattmetre_power_watt,81.5,"{""_device_orig"": [""wattmetre1-port6""]}"
2026-04-29T15:46:39.251952+02:00,taurus-7,wattmetre_power_watt,76.3,"{""_device_orig"": [""wattmetre1-port6""]}"
2026-04-29T15:46:39.271922+02:00,taurus-7,wattmetre_power_watt,80,"{""_device_orig"": [""wattmetre1-port6""]}"
2026-04-29T15:46:39.29191+02:00,taurus-7,wattmetre_power_watt,79.3,"{""_device_orig"": [""wattmetre1-port6""]}"
2026-04-29T15:46:39.311863+02:00,taurus-7,wattmetre_power_watt,81,"{""_device_orig"": [""wattmetre1-port6""]}"
2026-04-29T15:46:39.331798+02:00,taurus-7,wattmetre_power_watt,91.1,"{""_device_orig"": [""wattmetre1-port6""]}"
2026-04-29T15:46:39.351976+02:00,taurus-7,wattmetre_power_watt,98.4,"{""_device_orig"": [""wattmetre1-port6""]}"
2026-04-29T15:46:39.411861+02:00,taurus-7,wattmetre_power_watt,83,"{""_device_orig"": [""wattmetre1-port6""]}"
2026-04-29T15:46:39.431865+02:00,taurus-7,wattmetre_power_watt,79.4,"{""_device_orig"": [""wattmetre1-port6""]}"
2026-04-29T15:46:39.451947+02:00,taurus-7,wattmetre_power_watt,78.4,"{""_device_orig"": [""wattmetre1-port6""]}"
2026-04-29T15:46:39.471951+02:00,taurus-7,wattmetre_power_watt,81,"{""_device_orig"": [""wattmetre1-port6""]}"
2026-04-29T15:46:39.491953+02:00,taurus-7,wattmetre_power_watt,83,"{""_device_orig"": [""wattmetre1-port6""]}"
2026-04-29T15:46:39.511907+02:00,taurus-7,wattmetre_power_watt,83.8,"{""_device_orig"": [""wattmetre1-port6""]}"
2026-04-29T15:46:39.531868+02:00,taurus-7,wattmetre_power_watt,82.5,"{""_device_orig"": [""wattmetre1-port6""]}"
2026-04-29T15:46:39.551814+02:00,taurus-7,wattmetre_power_watt,81.7,"{""_device_orig"": [""wattmetre1-port6""]}"
2026-04-29T15:46:39.571946+02:00,taurus-7,wattmetre_power_watt,77.2,"{""_device_orig"": [""wattmetre1-port6""]}"
2026-04-29T15:46:39.591953+02:00,taurus-7,wattmetre_power_watt,81.3,"{""_device_orig"": [""wattmetre1-port6""]}"
2026-04-29T15:46:39.611944+02:00,taurus-7,wattmetre_power_watt,84.9,"{""_device_orig"": [""wattmetre1-port6""]}"
2026-04-29T15:46:39.631868+02:00,taurus-7,wattmetre_power_watt,87.7,"{""_device_orig"": [""wattmetre1-port6""]}"
2026-04-29T15:46:39.651838+02:00,taurus-7,wattmetre_power_watt,84.4,"{""_device_orig"": [""wattmetre1-port6""]}"
2026-04-29T15:46:39.672011+02:00,taurus-7,wattmetre_power_watt,81,"{""_device_orig"": [""wattmetre1-port6""]}"
2026-04-29T15:46:39.691961+02:00,taurus-7,wattmetre_power_watt,80.1,"{""_device_orig"": [""wattmetre1-port6""]}"
2026-04-29T15:46:39.751841+02:00,taurus-7,wattmetre_power_watt,83.8,"{""_device_orig"": [""wattmetre1-port6""]}"
2026-04-29T15:46:39.771812+02:00,taurus-7,wattmetre_power_watt,84.3,"{""_device_orig"": [""wattmetre1-port6""]}"
2026-04-29T15:46:39.791951+02:00,taurus-7,wattmetre_power_watt,83.2,"{""_device_orig"": [""wattmetre1-port6""]}"
2026-04-29T15:46:39.811912+02:00,taurus-7,wattmetre_power_watt,84.4,"{""_device_orig"": [""wattmetre1-port6""]}"
2026-04-29T15:46:39.831868+02:00,taurus-7,wattmetre_power_watt,83.8,"{""_device_orig"": [""wattmetre1-port6""]}"
2026-04-29T15:46:39.851816+02:00,taurus-7,wattmetre_power_watt,89.1,"{""_device_orig"": [""wattmetre1-port6""]}"
2026-04-29T15:46:39.911874+02:00,taurus-7,wattmetre_power_watt,95.7,"{""_device_orig"": [""wattmetre1-port6""]}"
2026-04-29T15:46:39.931848+02:00,taurus-7,wattmetre_power_watt,92.6,"{""_device_orig"": [""wattmetre1-port6""]}"
2026-04-29T15:46:39.951875+02:00,taurus-7,wattmetre_power_watt,82.4,"{""_device_orig"": [""wattmetre1-port6""]}"
2026-04-29T15:46:39.971843+02:00,taurus-7,wattmetre_power_watt,80.5,"{""_device_orig"": [""wattmetre1-port6""]}"
2026-04-29T15:46:39.991965+02:00,taurus-7,wattmetre_power_watt,86.8,"{""_device_orig"": [""wattmetre1-port6""]}"
2026-04-29T15:46:40.011888+02:00,taurus-7,wattmetre_power_watt,82.5,"{""_device_orig"": [""wattmetre1-port6""]}"
2026-04-29T15:46:40.051833+02:00,taurus-7,wattmetre_power_watt,75,"{""_device_orig"": [""wattmetre1-port6""]}"
2026-04-29T15:46:40.071847+02:00,taurus-7,wattmetre_power_watt,78.2,"{""_device_orig"": [""wattmetre1-port6""]}"
2026-04-29T15:46:40.091858+02:00,taurus-7,wattmetre_power_watt,81.2,"{""_device_orig"": [""wattmetre1-port6""]}"
2026-04-29T15:46:40.111971+02:00,taurus-7,wattmetre_power_watt,84.4,"{""_device_orig"": [""wattmetre1-port6""]}"
2026-04-29T15:46:40.131914+02:00,taurus-7,wattmetre_power_watt,78.1,"{""_device_orig"": [""wattmetre1-port6""]}"
2026-04-29T15:46:40.15187+02:00,taurus-7,wattmetre_power_watt,82.8,"{""_device_orig"": [""wattmetre1-port6""]}"
2026-04-29T15:46:40.17186+02:00,taurus-7,wattmetre_power_watt,83.6,"{""_device_orig"": [""wattmetre1-port6""]}"
2026-04-29T15:46:40.191995+02:00,taurus-7,wattmetre_power_watt,84.3,"{""_device_orig"": [""wattmetre1-port6""]}"
2026-04-29T15:46:40.21197+02:00,taurus-7,wattmetre_power_watt,85.3,"{""_device_orig"": [""wattmetre1-port6""]}"
2026-04-29T15:46:40.231878+02:00,taurus-7,wattmetre_power_watt,85.9,"{""_device_orig"": [""wattmetre1-port6""]}"
2026-04-29T15:46:40.291891+02:00,taurus-7,wattmetre_power_watt,84.8,"{""_device_orig"": [""wattmetre1-port6""]}"
2026-04-29T15:46:40.311964+02:00,taurus-7,wattmetre_power_watt,83.2,"{""_device_orig"": [""wattmetre1-port6""]}"
2026-04-29T15:46:40.331915+02:00,taurus-7,wattmetre_power_watt,83.6,"{""_device_orig"": [""wattmetre1-port6""]}"
2026-04-29T15:46:40.351874+02:00,taurus-7,wattmetre_power_watt,83,"{""_device_orig"": [""wattmetre1-port6""]}"
2026-04-29T15:46:40.371772+02:00,taurus-7,wattmetre_power_watt,85.2,"{""_device_orig"": [""wattmetre1-port6""]}"
2026-04-29T15:46:40.391827+02:00,taurus-7,wattmetre_power_watt,89.9,"{""_device_orig"": [""wattmetre1-port6""]}"
2026-04-29T15:46:40.411825+02:00,taurus-7,wattmetre_power_watt,84.5,"{""_device_orig"": [""wattmetre1-port6""]}"
2026-04-29T15:46:40.431949+02:00,taurus-7,wattmetre_power_watt,87,"{""_device_orig"": [""wattmetre1-port6""]}"
2026-04-29T15:46:40.491828+02:00,taurus-7,wattmetre_power_watt,84.9,"{""_device_orig"": [""wattmetre1-port6""]}"
2026-04-29T15:46:40.512003+02:00,taurus-7,wattmetre_power_watt,77.9,"{""_device_orig"": [""wattmetre1-port6""]}"
2026-04-29T15:46:40.531928+02:00,taurus-7,wattmetre_power_watt,82.3,"{""_device_orig"": [""wattmetre1-port6""]}"
2026-04-29T15:46:40.551943+02:00,taurus-7,wattmetre_power_watt,80,"{""_device_orig"": [""wattmetre1-port6""]}"
2026-04-29T15:46:40.591863+02:00,taurus-7,wattmetre_power_watt,85,"{""_device_orig"": [""wattmetre1-port6""]}"
2026-04-29T15:46:40.611867+02:00,taurus-7,wattmetre_power_watt,74.7,"{""_device_orig"": [""wattmetre1-port6""]}"
2026-04-29T15:46:40.631975+02:00,taurus-7,wattmetre_power_watt,84.8,"{""_device_orig"": [""wattmetre1-port6""]}"
2026-04-29T15:46:40.691874+02:00,taurus-7,wattmetre_power_watt,97.4,"{""_device_orig"": [""wattmetre1-port6""]}"
2026-04-29T15:46:40.711851+02:00,taurus-7,wattmetre_power_watt,103.4,"{""_device_orig"": [""wattmetre1-port6""]}"
2026-04-29T15:46:40.731826+02:00,taurus-7,wattmetre_power_watt,95.7,"{""_device_orig"": [""wattmetre1-port6""]}"
2026-04-29T15:46:40.751898+02:00,taurus-7,wattmetre_power_watt,90.8,"{""_device_orig"": [""wattmetre1-port6""]}"
2026-04-29T15:46:40.77186+02:00,taurus-7,wattmetre_power_watt,83.3,"{""_device_orig"": [""wattmetre1-port6""]}"
2026-04-29T15:46:40.791817+02:00,taurus-7,wattmetre_power_watt,82.2,"{""_device_orig"": [""wattmetre1-port6""]}"
2026-04-29T15:46:40.811829+02:00,taurus-7,wattmetre_power_watt,79.3,"{""_device_orig"": [""wattmetre1-port6""]}"
2026-04-29T15:46:40.831967+02:00,taurus-7,wattmetre_power_watt,81.4,"{""_device_orig"": [""wattmetre1-port6""]}"
2026-04-29T15:46:40.851952+02:00,taurus-7,wattmetre_power_watt,79.8,"{""_device_orig"": [""wattmetre1-port6""]}"
2026-04-29T15:46:40.87187+02:00,taurus-7,wattmetre_power_watt,82.8,"{""_device_orig"": [""wattmetre1-port6""]}"
2026-04-29T15:46:40.931885+02:00,taurus-7,wattmetre_power_watt,82,"{""_device_orig"": [""wattmetre1-port6""]}"
2026-04-29T15:46:40.951941+02:00,taurus-7,wattmetre_power_watt,79.9,"{""_device_orig"": [""wattmetre1-port6""]}"
2026-04-29T15:46:40.971851+02:00,taurus-7,wattmetre_power_watt,78.7,"{""_device_orig"": [""wattmetre1-port6""]}"
2026-04-29T15:46:40.991808+02:00,taurus-7,wattmetre_power_watt,77.4,"{""_device_orig"": [""wattmetre1-port6""]}"
2026-04-29T15:46:41.011814+02:00,taurus-7,wattmetre_power_watt,86.2,"{""_device_orig"": [""wattmetre1-port6""]}"
2026-04-29T15:46:41.031815+02:00,taurus-7,wattmetre_power_watt,80.8,"{""_device_orig"": [""wattmetre1-port6""]}"
2026-04-29T15:46:41.051718+02:00,taurus-7,wattmetre_power_watt,83.8,"{""_device_orig"": [""wattmetre1-port6""]}"
2026-04-29T15:46:41.091839+02:00,taurus-7,wattmetre_power_watt,82.4,"{""_device_orig"": [""wattmetre1-port6""]}"
2026-04-29T15:46:41.11183+02:00,taurus-7,wattmetre_power_watt,81.7,"{""_device_orig"": [""wattmetre1-port6""]}"
2026-04-29T15:46:41.131884+02:00,taurus-7,wattmetre_power_watt,83.6,"{""_device_orig"": [""wattmetre1-port6""]}"
2026-04-29T15:46:41.15197+02:00,taurus-7,wattmetre_power_watt,80.8,"{""_device_orig"": [""wattmetre1-port6""]}"
2026-04-29T15:46:41.171886+02:00,taurus-7,wattmetre_power_watt,78.9,"{""_device_orig"": [""wattmetre1-port6""]}"
2026-04-29T15:46:41.191883+02:00,taurus-7,wattmetre_power_watt,81.1,"{""_device_orig"": [""wattmetre1-port6""]}"
2026-04-29T15:46:41.211894+02:00,taurus-7,wattmetre_power_watt,81.8,"{""_device_orig"": [""wattmetre1-port6""]}"
2026-04-29T15:46:41.231828+02:00,taurus-7,wattmetre_power_watt,83.5,"{""_device_orig"": [""wattmetre1-port6""]}"
2026-04-29T15:46:41.251903+02:00,taurus-7,wattmetre_power_watt,91.3,"{""_device_orig"": [""wattmetre1-port6""]}"
2026-04-29T15:46:41.271951+02:00,taurus-7,wattmetre_power_watt,87.2,"{""_device_orig"": [""wattmetre1-port6""]}"
2026-04-29T15:46:41.291824+02:00,taurus-7,wattmetre_power_watt,84.5,"{""_device_orig"": [""wattmetre1-port6""]}"
2026-04-29T15:46:41.311812+02:00,taurus-7,wattmetre_power_watt,84.5,"{""_device_orig"": [""wattmetre1-port6""]}"
2026-04-29T15:46:41.331847+02:00,taurus-7,wattmetre_power_watt,86.1,"{""_device_orig"": [""wattmetre1-port6""]}"
2026-04-29T15:46:41.351843+02:00,taurus-7,wattmetre_power_watt,88.2,"{""_device_orig"": [""wattmetre1-port6""]}"
2026-04-29T15:46:41.371719+02:00,taurus-7,wattmetre_power_watt,77.9,"{""_device_orig"": [""wattmetre1-port6""]}"
2026-04-29T15:46:41.391839+02:00,taurus-7,wattmetre_power_watt,81.6,"{""_device_orig"": [""wattmetre1-port6""]}"
2026-04-29T15:46:41.411842+02:00,taurus-7,wattmetre_power_watt,84.5,"{""_device_orig"": [""wattmetre1-port6""]}"
2026-04-29T15:46:41.431845+02:00,taurus-7,wattmetre_power_watt,76.3,"{""_device_orig"": [""wattmetre1-port6""]}"
2026-04-29T15:46:41.451847+02:00,taurus-7,wattmetre_power_watt,81.6,"{""_device_orig"": [""wattmetre1-port6""]}"
2026-04-29T15:46:41.471762+02:00,taurus-7,wattmetre_power_watt,86.6,"{""_device_orig"": [""wattmetre1-port6""]}"
2026-04-29T15:46:41.491882+02:00,taurus-7,wattmetre_power_watt,85.7,"{""_device_orig"": [""wattmetre1-port6""]}"
2026-04-29T15:46:41.511855+02:00,taurus-7,wattmetre_power_watt,85.1,"{""_device_orig"": [""wattmetre1-port6""]}"
2026-04-29T15:46:41.53189+02:00,taurus-7,wattmetre_power_watt,83.8,"{""_device_orig"": [""wattmetre1-port6""]}"
2026-04-29T15:46:41.551897+02:00,taurus-7,wattmetre_power_watt,86.2,"{""_device_orig"": [""wattmetre1-port6""]}"
2026-04-29T15:46:41.571789+02:00,taurus-7,wattmetre_power_watt,80.5,"{""_device_orig"": [""wattmetre1-port6""]}"
2026-04-29T15:46:41.631825+02:00,taurus-7,wattmetre_power_watt,82.6,"{""_device_orig"": [""wattmetre1-port6""]}"
2026-04-29T15:46:41.651847+02:00,taurus-7,wattmetre_power_watt,82,"{""_device_orig"": [""wattmetre1-port6""]}"
2026-04-29T15:46:41.671746+02:00,taurus-7,wattmetre_power_watt,79,"{""_device_orig"": [""wattmetre1-port6""]}"
2026-04-29T15:46:41.691727+02:00,taurus-7,wattmetre_power_watt,81.5,"{""_device_orig"": [""wattmetre1-port6""]}"
2026-04-29T15:46:41.711852+02:00,taurus-7,wattmetre_power_watt,80.5,"{""_device_orig"": [""wattmetre1-port6""]}"
2026-04-29T15:46:41.731851+02:00,taurus-7,wattmetre_power_watt,82.4,"{""_device_orig"": [""wattmetre1-port6""]}"
2026-04-29T15:46:41.791689+02:00,taurus-7,wattmetre_power_watt,84.8,"{""_device_orig"": [""wattmetre1-port6""]}"
2026-04-29T15:46:41.85182+02:00,taurus-7,wattmetre_power_watt,94.7,"{""_device_orig"": [""wattmetre1-port6""]}"
2026-04-29T15:46:41.871817+02:00,taurus-7,wattmetre_power_watt,90.2,"{""_device_orig"": [""wattmetre1-port6""]}"
2026-04-29T15:46:41.891757+02:00,taurus-7,wattmetre_power_watt,88.4,"{""_device_orig"": [""wattmetre1-port6""]}"
2026-04-29T15:46:41.911897+02:00,taurus-7,wattmetre_power_watt,82.8,"{""_device_orig"": [""wattmetre1-port6""]}"
2026-04-29T15:46:41.931833+02:00,taurus-7,wattmetre_power_watt,81,"{""_device_orig"": [""wattmetre1-port6""]}"
2026-04-29T15:46:41.951767+02:00,taurus-7,wattmetre_power_watt,81.6,"{""_device_orig"": [""wattmetre1-port6""]}"
2026-04-29T15:46:41.971832+02:00,taurus-7,wattmetre_power_watt,82.5,"{""_device_orig"": [""wattmetre1-port6""]}"
2026-04-29T15:46:41.991695+02:00,taurus-7,wattmetre_power_watt,78.5,"{""_device_orig"": [""wattmetre1-port6""]}"
2026-04-29T15:46:42.01169+02:00,taurus-7,wattmetre_power_watt,76.5,"{""_device_orig"": [""wattmetre1-port6""]}"
2026-04-29T15:46:42.031817+02:00,taurus-7,wattmetre_power_watt,84,"{""_device_orig"": [""wattmetre1-port6""]}"
2026-04-29T15:46:42.051823+02:00,taurus-7,wattmetre_power_watt,85,"{""_device_orig"": [""wattmetre1-port6""]}"
2026-04-29T15:46:42.07179+02:00,taurus-7,wattmetre_power_watt,77.5,"{""_device_orig"": [""wattmetre1-port6""]}"
2026-04-29T15:46:42.091664+02:00,taurus-7,wattmetre_power_watt,82.4,"{""_device_orig"": [""wattmetre1-port6""]}"
2026-04-29T15:46:42.111658+02:00,taurus-7,wattmetre_power_watt,85.3,"{""_device_orig"": [""wattmetre1-port6""]}"
2026-04-29T15:46:42.13181+02:00,taurus-7,wattmetre_power_watt,83.4,"{""_device_orig"": [""wattmetre1-port6""]}"
2026-04-29T15:46:42.151822+02:00,taurus-7,wattmetre_power_watt,81.5,"{""_device_orig"": [""wattmetre1-port6""]}"
2026-04-29T15:46:42.171821+02:00,taurus-7,wattmetre_power_watt,83.7,"{""_device_orig"": [""wattmetre1-port6""]}"
2026-04-29T15:46:42.19174+02:00,taurus-7,wattmetre_power_watt,80.1,"{""_device_orig"": [""wattmetre1-port6""]}"
2026-04-29T15:46:42.211698+02:00,taurus-7,wattmetre_power_watt,82.6,"{""_device_orig"": [""wattmetre1-port6""]}"
2026-04-29T15:46:42.231822+02:00,taurus-7,wattmetre_power_watt,88.4,"{""_device_orig"": [""wattmetre1-port6""]}"
2026-04-29T15:46:42.271809+02:00,taurus-7,wattmetre_power_watt,80.9,"{""_device_orig"": [""wattmetre1-port6""]}"
2026-04-29T15:46:42.291709+02:00,taurus-7,wattmetre_power_watt,83.5,"{""_device_orig"": [""wattmetre1-port6""]}"
2026-04-29T15:46:42.31172+02:00,taurus-7,wattmetre_power_watt,79.5,"{""_device_orig"": [""wattmetre1-port6""]}"
2026-04-29T15:46:42.331593+02:00,taurus-7,wattmetre_power_watt,79.6,"{""_device_orig"": [""wattmetre1-port6""]}"
2026-04-29T15:46:42.351758+02:00,taurus-7,wattmetre_power_watt,89.3,"{""_device_orig"": [""wattmetre1-port6""]}"
2026-04-29T15:46:42.371824+02:00,taurus-7,wattmetre_power_watt,84.5,"{""_device_orig"": [""wattmetre1-port6""]}"
2026-04-29T15:46:42.391774+02:00,taurus-7,wattmetre_power_watt,82.9,"{""_device_orig"": [""wattmetre1-port6""]}"
2026-04-29T15:46:42.451824+02:00,taurus-7,wattmetre_power_watt,84.9,"{""_device_orig"": [""wattmetre1-port6""]}"
2026-04-29T15:46:42.511724+02:00,taurus-7,wattmetre_power_watt,81.9,"{""_device_orig"": [""wattmetre1-port6""]}"
2026-04-29T15:46:42.531704+02:00,taurus-7,wattmetre_power_watt,84.2,"{""_device_orig"": [""wattmetre1-port6""]}"
2026-04-29T15:46:42.551778+02:00,taurus-7,wattmetre_power_watt,81.1,"{""_device_orig"": [""wattmetre1-port6""]}"
2026-04-29T15:46:42.571856+02:00,taurus-7,wattmetre_power_watt,85.3,"{""_device_orig"": [""wattmetre1-port6""]}"
2026-04-29T15:46:42.591771+02:00,taurus-7,wattmetre_power_watt,83.3,"{""_device_orig"": [""wattmetre1-port6""]}"
2026-04-29T15:46:42.611857+02:00,taurus-7,wattmetre_power_watt,73.1,"{""_device_orig"": [""wattmetre1-port6""]}"
2026-04-29T15:46:42.63168+02:00,taurus-7,wattmetre_power_watt,84.3,"{""_device_orig"": [""wattmetre1-port6""]}"
2026-04-29T15:46:42.691828+02:00,taurus-7,wattmetre_power_watt,86,"{""_device_orig"": [""wattmetre1-port6""]}"
2026-04-29T15:46:42.711819+02:00,taurus-7,wattmetre_power_watt,78.8,"{""_device_orig"": [""wattmetre1-port6""]}"
2026-04-29T15:46:42.751653+02:00,taurus-7,wattmetre_power_watt,83.6,"{""_device_orig"": [""wattmetre1-port6""]}"
2026-04-29T15:46:42.771828+02:00,taurus-7,wattmetre_power_watt,87,"{""_device_orig"": [""wattmetre1-port6""]}"
2026-04-29T15:46:42.791826+02:00,taurus-7,wattmetre_power_watt,83.6,"{""_device_orig"": [""wattmetre1-port6""]}"
2026-04-29T15:46:42.811727+02:00,taurus-7,wattmetre_power_watt,82.6,"{""_device_orig"": [""wattmetre1-port6""]}"
2026-04-29T15:46:42.831649+02:00,taurus-7,wattmetre_power_watt,82.8,"{""_device_orig"": [""wattmetre1-port6""]}"
2026-04-29T15:46:42.851657+02:00,taurus-7,wattmetre_power_watt,84.2,"{""_device_orig"": [""wattmetre1-port6""]}"
2026-04-29T15:46:42.871832+02:00,taurus-7,wattmetre_power_watt,86.8,"{""_device_orig"": [""wattmetre1-port6""]}"
2026-04-29T15:46:42.891828+02:00,taurus-7,wattmetre_power_watt,80.7,"{""_device_orig"": [""wattmetre1-port6""]}"
2026-04-29T15:46:42.911691+02:00,taurus-7,wattmetre_power_watt,84.3,"{""_device_orig"": [""wattmetre1-port6""]}"
2026-04-29T15:46:42.931735+02:00,taurus-7,wattmetre_power_watt,88.1,"{""_device_orig"": [""wattmetre1-port6""]}"
2026-04-29T15:46:42.9517+02:00,taurus-7,wattmetre_power_watt,87.8,"{""_device_orig"": [""wattmetre1-port6""]}"
2026-04-29T15:46:42.97165+02:00,taurus-7,wattmetre_power_watt,86.4,"{""_device_orig"": [""wattmetre1-port6""]}"
2026-04-29T15:46:42.991837+02:00,taurus-7,wattmetre_power_watt,84.3,"{""_device_orig"": [""wattmetre1-port6""]}"
2026-04-29T15:46:43.011686+02:00,taurus-7,wattmetre_power_watt,79.6,"{""_device_orig"": [""wattmetre1-port6""]}"
2026-04-29T15:46:43.031684+02:00,taurus-7,wattmetre_power_watt,86.1,"{""_device_orig"": [""wattmetre1-port6""]}"
2026-04-29T15:46:43.051708+02:00,taurus-7,wattmetre_power_watt,86.5,"{""_device_orig"": [""wattmetre1-port6""]}"
2026-04-29T15:46:43.071669+02:00,taurus-7,wattmetre_power_watt,81.8,"{""_device_orig"": [""wattmetre1-port6""]}"
2026-04-29T15:46:43.091774+02:00,taurus-7,wattmetre_power_watt,78,"{""_device_orig"": [""wattmetre1-port6""]}"
2026-04-29T15:46:43.111751+02:00,taurus-7,wattmetre_power_watt,83.7,"{""_device_orig"": [""wattmetre1-port6""]}"
2026-04-29T15:46:43.131759+02:00,taurus-7,wattmetre_power_watt,83,"{""_device_orig"": [""wattmetre1-port6""]}"
2026-04-29T15:46:43.151811+02:00,taurus-7,wattmetre_power_watt,82.2,"{""_device_orig"": [""wattmetre1-port6""]}"
2026-04-29T15:46:43.171654+02:00,taurus-7,wattmetre_power_watt,79.9,"{""_device_orig"": [""wattmetre1-port6""]}"
2026-04-29T15:46:43.191808+02:00,taurus-7,wattmetre_power_watt,78.9,"{""_device_orig"": [""wattmetre1-port6""]}"
2026-04-29T15:46:43.211863+02:00,taurus-7,wattmetre_power_watt,89.4,"{""_device_orig"": [""wattmetre1-port6""]}"
2026-04-29T15:46:43.231869+02:00,taurus-7,wattmetre_power_watt,85.4,"{""_device_orig"": [""wattmetre1-port6""]}"
2026-04-29T15:46:43.251662+02:00,taurus-7,wattmetre_power_watt,86.8,"{""_device_orig"": [""wattmetre1-port6""]}"
2026-04-29T15:46:43.311867+02:00,taurus-7,wattmetre_power_watt,92.9,"{""_device_orig"": [""wattmetre1-port6""]}"
2026-04-29T15:46:43.371663+02:00,taurus-7,wattmetre_power_watt,81.7,"{""_device_orig"": [""wattmetre1-port6""]}"
2026-04-29T15:46:43.391694+02:00,taurus-7,wattmetre_power_watt,84.1,"{""_device_orig"": [""wattmetre1-port6""]}"
2026-04-29T15:46:43.431782+02:00,taurus-7,wattmetre_power_watt,79.3,"{""_device_orig"": [""wattmetre1-port6""]}"
2026-04-29T15:46:43.451659+02:00,taurus-7,wattmetre_power_watt,79.6,"{""_device_orig"": [""wattmetre1-port6""]}"
2026-04-29T15:46:43.4717+02:00,taurus-7,wattmetre_power_watt,84.6,"{""_device_orig"": [""wattmetre1-port6""]}"
2026-04-29T15:46:43.4917+02:00,taurus-7,wattmetre_power_watt,81.9,"{""_device_orig"": [""wattmetre1-port6""]}"
2026-04-29T15:46:43.551719+02:00,taurus-7,wattmetre_power_watt,85.7,"{""_device_orig"": [""wattmetre1-port6""]}"
2026-04-29T15:46:43.571733+02:00,taurus-7,wattmetre_power_watt,83.1,"{""_device_orig"": [""wattmetre1-port6""]}"
2026-04-29T15:46:43.59171+02:00,taurus-7,wattmetre_power_watt,84.6,"{""_device_orig"": [""wattmetre1-port6""]}"
2026-04-29T15:46:43.611568+02:00,taurus-7,wattmetre_power_watt,85.4,"{""_device_orig"": [""wattmetre1-port6""]}"
2026-04-29T15:46:43.671732+02:00,taurus-7,wattmetre_power_watt,88.4,"{""_device_orig"": [""wattmetre1-port6""]}"
2026-04-29T15:46:43.691746+02:00,taurus-7,wattmetre_power_watt,93.6,"{""_device_orig"": [""wattmetre1-port6""]}"
2026-04-29T15:46:43.711675+02:00,taurus-7,wattmetre_power_watt,86.9,"{""_device_orig"": [""wattmetre1-port6""]}"
2026-04-29T15:46:43.731865+02:00,taurus-7,wattmetre_power_watt,93.3,"{""_device_orig"": [""wattmetre1-port6""]}"
2026-04-29T15:46:43.751819+02:00,taurus-7,wattmetre_power_watt,85.7,"{""_device_orig"": [""wattmetre1-port6""]}"
2026-04-29T15:46:43.771796+02:00,taurus-7,wattmetre_power_watt,79.2,"{""_device_orig"": [""wattmetre1-port6""]}"
2026-04-29T15:46:43.791738+02:00,taurus-7,wattmetre_power_watt,78.3,"{""_device_orig"": [""wattmetre1-port6""]}"
2026-04-29T15:46:43.811652+02:00,taurus-7,wattmetre_power_watt,80.1,"{""_device_orig"": [""wattmetre1-port6""]}"
2026-04-29T15:46:43.831837+02:00,taurus-7,wattmetre_power_watt,82.4,"{""_device_orig"": [""wattmetre1-port6""]}"
2026-04-29T15:46:43.851785+02:00,taurus-7,wattmetre_power_watt,84.5,"{""_device_orig"": [""wattmetre1-port6""]}"
2026-04-29T15:46:43.871776+02:00,taurus-7,wattmetre_power_watt,83.5,"{""_device_orig"": [""wattmetre1-port6""]}"
2026-04-29T15:46:43.891755+02:00,taurus-7,wattmetre_power_watt,81.5,"{""_device_orig"": [""wattmetre1-port6""]}"
2026-04-29T15:46:43.911663+02:00,taurus-7,wattmetre_power_watt,82.9,"{""_device_orig"": [""wattmetre1-port6""]}"
2026-04-29T15:46:43.931632+02:00,taurus-7,wattmetre_power_watt,82.7,"{""_device_orig"": [""wattmetre1-port6""]}"
2026-04-29T15:46:43.951729+02:00,taurus-7,wattmetre_power_watt,84.2,"{""_device_orig"": [""wattmetre1-port6""]}"
2026-04-29T15:46:43.971742+02:00,taurus-7,wattmetre_power_watt,82.9,"{""_device_orig"": [""wattmetre1-port6""]}"
2026-04-29T15:46:43.991698+02:00,taurus-7,wattmetre_power_watt,77.8,"{""_device_orig"": [""wattmetre1-port6""]}"
2026-04-29T15:46:44.011665+02:00,taurus-7,wattmetre_power_watt,85.5,"{""_device_orig"": [""wattmetre1-port6""]}"
2026-04-29T15:46:44.031616+02:00,taurus-7,wattmetre_power_watt,87.1,"{""_device_orig"": [""wattmetre1-port6""]}"
2026-04-29T15:46:44.051869+02:00,taurus-7,wattmetre_power_watt,95.6,"{""_device_orig"": [""wattmetre1-port6""]}"
2026-04-29T15:46:44.07174+02:00,taurus-7,wattmetre_power_watt,89.6,"{""_device_orig"": [""wattmetre1-port6""]}"
2026-04-29T15:46:44.091683+02:00,taurus-7,wattmetre_power_watt,89,"{""_device_orig"": [""wattmetre1-port6""]}"
2026-04-29T15:46:44.111631+02:00,taurus-7,wattmetre_power_watt,93.8,"{""_device_orig"": [""wattmetre1-port6""]}"
2026-04-29T15:46:44.13166+02:00,taurus-7,wattmetre_power_watt,92.5,"{""_device_orig"": [""wattmetre1-port6""]}"
2026-04-29T15:46:44.151846+02:00,taurus-7,wattmetre_power_watt,92.7,"{""_device_orig"": [""wattmetre1-port6""]}"
2026-04-29T15:46:44.171733+02:00,taurus-7,wattmetre_power_watt,93.9,"{""_device_orig"": [""wattmetre1-port6""]}"
2026-04-29T15:46:44.191707+02:00,taurus-7,wattmetre_power_watt,86.4,"{""_device_orig"": [""wattmetre1-port6""]}"
2026-04-29T15:46:44.211657+02:00,taurus-7,wattmetre_power_watt,89.3,"{""_device_orig"": [""wattmetre1-port6""]}"
2026-04-29T15:46:44.231652+02:00,taurus-7,wattmetre_power_watt,81.7,"{""_device_orig"": [""wattmetre1-port6""]}"
2026-04-29T15:46:44.251706+02:00,taurus-7,wattmetre_power_watt,81.9,"{""_device_orig"": [""wattmetre1-port6""]}"
2026-04-29T15:46:44.271714+02:00,taurus-7,wattmetre_power_watt,69.2,"{""_device_orig"": [""wattmetre1-port6""]}"
2026-04-29T15:46:44.291716+02:00,taurus-7,wattmetre_power_watt,79.3,"{""_device_orig"": [""wattmetre1-port6""]}"
2026-04-29T15:46:44.311709+02:00,taurus-7,wattmetre_power_watt,77.1,"{""_device_orig"": [""wattmetre1-port6""]}"
2026-04-29T15:46:44.33161+02:00,taurus-7,wattmetre_power_watt,81.1,"{""_device_orig"": [""wattmetre1-port6""]}"
2026-04-29T15:46:44.351632+02:00,taurus-7,wattmetre_power_watt,83.4,"{""_device_orig"": [""wattmetre1-port6""]}"
2026-04-29T15:46:44.371718+02:00,taurus-7,wattmetre_power_watt,83.4,"{""_device_orig"": [""wattmetre1-port6""]}"
2026-04-29T15:46:44.391674+02:00,taurus-7,wattmetre_power_watt,76.7,"{""_device_orig"": [""wattmetre1-port6""]}"
2026-04-29T15:46:44.411708+02:00,taurus-7,wattmetre_power_watt,90.5,"{""_device_orig"": [""wattmetre1-port6""]}"
2026-04-29T15:46:44.431607+02:00,taurus-7,wattmetre_power_watt,90.2,"{""_device_orig"": [""wattmetre1-port6""]}"
2026-04-29T15:46:44.45161+02:00,taurus-7,wattmetre_power_watt,84,"{""_device_orig"": [""wattmetre1-port6""]}"
2026-04-29T15:46:44.651606+02:00,taurus-7,wattmetre_power_watt,79.3,"{""_device_orig"": [""wattmetre1-port6""]}"
2026-04-29T15:46:44.671614+02:00,taurus-7,wattmetre_power_watt,87.2,"{""_device_orig"": [""wattmetre1-port6""]}"
2026-04-29T15:46:44.691703+02:00,taurus-7,wattmetre_power_watt,86.7,"{""_device_orig"": [""wattmetre1-port6""]}"
2026-04-29T15:46:44.711682+02:00,taurus-7,wattmetre_power_watt,85,"{""_device_orig"": [""wattmetre1-port6""]}"
2026-04-29T15:46:44.771547+02:00,taurus-7,wattmetre_power_watt,82.2,"{""_device_orig"": [""wattmetre1-port6""]}"
2026-04-29T15:46:44.791751+02:00,taurus-7,wattmetre_power_watt,81.2,"{""_device_orig"": [""wattmetre1-port6""]}"
2026-04-29T15:46:44.81174+02:00,taurus-7,wattmetre_power_watt,81.5,"{""_device_orig"": [""wattmetre1-port6""]}"
2026-04-29T15:46:44.831699+02:00,taurus-7,wattmetre_power_watt,78.3,"{""_device_orig"": [""wattmetre1-port6""]}"
2026-04-29T15:46:44.851667+02:00,taurus-7,wattmetre_power_watt,82.3,"{""_device_orig"": [""wattmetre1-port6""]}"
2026-04-29T15:46:44.87163+02:00,taurus-7,wattmetre_power_watt,79.1,"{""_device_orig"": [""wattmetre1-port6""]}"
2026-04-29T15:46:44.89169+02:00,taurus-7,wattmetre_power_watt,83.4,"{""_device_orig"": [""wattmetre1-port6""]}"
2026-04-29T15:46:44.911811+02:00,taurus-7,wattmetre_power_watt,82.2,"{""_device_orig"": [""wattmetre1-port6""]}"
2026-04-29T15:46:44.93166+02:00,taurus-7,wattmetre_power_watt,84.5,"{""_device_orig"": [""wattmetre1-port6""]}"
2026-04-29T15:46:44.951738+02:00,taurus-7,wattmetre_power_watt,86.7,"{""_device_orig"": [""wattmetre1-port6""]}"
2026-04-29T15:46:44.971684+02:00,taurus-7,wattmetre_power_watt,84.9,"{""_device_orig"": [""wattmetre1-port6""]}"
2026-04-29T15:46:44.991654+02:00,taurus-7,wattmetre_power_watt,80.9,"{""_device_orig"": [""wattmetre1-port6""]}"
2026-04-29T15:46:45.011803+02:00,taurus-7,wattmetre_power_watt,88.6,"{""_device_orig"": [""wattmetre1-port6""]}"
2026-04-29T15:46:45.031662+02:00,taurus-7,wattmetre_power_watt,81.7,"{""_device_orig"": [""wattmetre1-port6""]}"
2026-04-29T15:46:45.051648+02:00,taurus-7,wattmetre_power_watt,85.8,"{""_device_orig"": [""wattmetre1-port6""]}"
2026-04-29T15:46:45.071626+02:00,taurus-7,wattmetre_power_watt,82.4,"{""_device_orig"": [""wattmetre1-port6""]}"
2026-04-29T15:46:45.091611+02:00,taurus-7,wattmetre_power_watt,84.6,"{""_device_orig"": [""wattmetre1-port6""]}"
2026-04-29T15:46:45.111749+02:00,taurus-7,wattmetre_power_watt,81,"{""_device_orig"": [""wattmetre1-port6""]}"
2026-04-29T15:46:45.131672+02:00,taurus-7,wattmetre_power_watt,81,"{""_device_orig"": [""wattmetre1-port6""]}"
2026-04-29T15:46:45.151691+02:00,taurus-7,wattmetre_power_watt,85.7,"{""_device_orig"": [""wattmetre1-port6""]}"
2026-04-29T15:46:45.171596+02:00,taurus-7,wattmetre_power_watt,84.9,"{""_device_orig"": [""wattmetre1-port6""]}"
2026-04-29T15:46:45.191606+02:00,taurus-7,wattmetre_power_watt,84.2,"{""_device_orig"": [""wattmetre1-port6""]}"
2026-04-29T15:46:45.211564+02:00,taurus-7,wattmetre_power_watt,81.3,"{""_device_orig"": [""wattmetre1-port6""]}"
2026-04-29T15:46:45.291585+02:00,taurus-7,wattmetre_power_watt,82,"{""_device_orig"": [""wattmetre1-port6""]}"
2026-04-29T15:46:45.311576+02:00,taurus-7,wattmetre_power_watt,91.3,"{""_device_orig"": [""wattmetre1-port6""]}"
2026-04-29T15:46:45.331733+02:00,taurus-7,wattmetre_power_watt,86.6,"{""_device_orig"": [""wattmetre1-port6""]}"
2026-04-29T15:46:45.351653+02:00,taurus-7,wattmetre_power_watt,84.5,"{""_device_orig"": [""wattmetre1-port6""]}"
2026-04-29T15:46:45.371654+02:00,taurus-7,wattmetre_power_watt,82.6,"{""_device_orig"": [""wattmetre1-port6""]}"
2026-04-29T15:46:45.391651+02:00,taurus-7,wattmetre_power_watt,83.8,"{""_device_orig"": [""wattmetre1-port6""]}"
2026-04-29T15:46:45.411574+02:00,taurus-7,wattmetre_power_watt,80.8,"{""_device_orig"": [""wattmetre1-port6""]}"
2026-04-29T15:46:45.431762+02:00,taurus-7,wattmetre_power_watt,82,"{""_device_orig"": [""wattmetre1-port6""]}"
2026-04-29T15:46:45.4517+02:00,taurus-7,wattmetre_power_watt,77.3,"{""_device_orig"": [""wattmetre1-port6""]}"
2026-04-29T15:46:45.511642+02:00,taurus-7,wattmetre_power_watt,86.9,"{""_device_orig"": [""wattmetre1-port6""]}"
2026-04-29T15:46:45.531586+02:00,taurus-7,wattmetre_power_watt,85,"{""_device_orig"": [""wattmetre1-port6""]}"
2026-04-29T15:46:45.551746+02:00,taurus-7,wattmetre_power_watt,83.3,"{""_device_orig"": [""wattmetre1-port6""]}"
2026-04-29T15:46:45.571707+02:00,taurus-7,wattmetre_power_watt,79.9,"{""_device_orig"": [""wattmetre1-port6""]}"
2026-04-29T15:46:45.591617+02:00,taurus-7,wattmetre_power_watt,85.8,"{""_device_orig"": [""wattmetre1-port6""]}"
2026-04-29T15:46:45.611629+02:00,taurus-7,wattmetre_power_watt,83.3,"{""_device_orig"": [""wattmetre1-port6""]}"
2026-04-29T15:46:45.631599+02:00,taurus-7,wattmetre_power_watt,83.8,"{""_device_orig"": [""wattmetre1-port6""]}"
2026-04-29T15:46:45.651728+02:00,taurus-7,wattmetre_power_watt,81.3,"{""_device_orig"": [""wattmetre1-port6""]}"
2026-04-29T15:46:45.711539+02:00,taurus-7,wattmetre_power_watt,84.2,"{""_device_orig"": [""wattmetre1-port6""]}"
2026-04-29T15:46:45.73158+02:00,taurus-7,wattmetre_power_watt,82.4,"{""_device_orig"": [""wattmetre1-port6""]}"
2026-04-29T15:46:45.75167+02:00,taurus-7,wattmetre_power_watt,81.8,"{""_device_orig"": [""wattmetre1-port6""]}"
2026-04-29T15:46:45.771686+02:00,taurus-7,wattmetre_power_watt,86.4,"{""_device_orig"": [""wattmetre1-port6""]}"
2026-04-29T15:46:45.8116+02:00,taurus-7,wattmetre_power_watt,81.4,"{""_device_orig"": [""wattmetre1-port6""]}"
2026-04-29T15:46:45.831532+02:00,taurus-7,wattmetre_power_watt,83.8,"{""_device_orig"": [""wattmetre1-port6""]}"
2026-04-29T15:46:45.851558+02:00,taurus-7,wattmetre_power_watt,87.7,"{""_device_orig"": [""wattmetre1-port6""]}"
2026-04-29T15:46:45.91161+02:00,taurus-7,wattmetre_power_watt,82.6,"{""_device_orig"": [""wattmetre1-port6""]}"
2026-04-29T15:46:45.931601+02:00,taurus-7,wattmetre_power_watt,83,"{""_device_orig"": [""wattmetre1-port6""]}"
2026-04-29T15:46:45.951582+02:00,taurus-7,wattmetre_power_watt,83.3,"{""_device_orig"": [""wattmetre1-port6""]}"
2026-04-29T15:46:45.97176+02:00,taurus-7,wattmetre_power_watt,76.1,"{""_device_orig"": [""wattmetre1-port6""]}"
2026-04-29T15:46:45.991668+02:00,taurus-7,wattmetre_power_watt,81.5,"{""_device_orig"": [""wattmetre1-port6""]}"
2026-04-29T15:46:46.031505+02:00,taurus-7,wattmetre_power_watt,86,"{""_device_orig"": [""wattmetre1-port6""]}"
2026-04-29T15:46:46.051489+02:00,taurus-7,wattmetre_power_watt,84.4,"{""_device_orig"": [""wattmetre1-port6""]}"
2026-04-29T15:46:46.071642+02:00,taurus-7,wattmetre_power_watt,80.8,"{""_device_orig"": [""wattmetre1-port6""]}"
2026-04-29T15:46:46.131592+02:00,taurus-7,wattmetre_power_watt,83.6,"{""_device_orig"": [""wattmetre1-port6""]}"
2026-04-29T15:46:46.151488+02:00,taurus-7,wattmetre_power_watt,82,"{""_device_orig"": [""wattmetre1-port6""]}"
2026-04-29T15:46:46.191655+02:00,taurus-7,wattmetre_power_watt,74.2,"{""_device_orig"": [""wattmetre1-port6""]}"
2026-04-29T15:46:46.211646+02:00,taurus-7,wattmetre_power_watt,85.1,"{""_device_orig"": [""wattmetre1-port6""]}"
2026-04-29T15:46:46.231597+02:00,taurus-7,wattmetre_power_watt,82.6,"{""_device_orig"": [""wattmetre1-port6""]}"
2026-04-29T15:46:46.251551+02:00,taurus-7,wattmetre_power_watt,84.2,"{""_device_orig"": [""wattmetre1-port6""]}"
2026-04-29T15:46:46.271603+02:00,taurus-7,wattmetre_power_watt,85.4,"{""_device_orig"": [""wattmetre1-port6""]}"
2026-04-29T15:46:46.291746+02:00,taurus-7,wattmetre_power_watt,77.4,"{""_device_orig"": [""wattmetre1-port6""]}"
2026-04-29T15:46:46.351608+02:00,taurus-7,wattmetre_power_watt,86.5,"{""_device_orig"": [""wattmetre1-port6""]}"
2026-04-29T15:46:46.411619+02:00,taurus-7,wattmetre_power_watt,84.2,"{""_device_orig"": [""wattmetre1-port6""]}"
2026-04-29T15:46:46.431647+02:00,taurus-7,wattmetre_power_watt,81.3,"{""_device_orig"": [""wattmetre1-port6""]}"
2026-04-29T15:46:46.451573+02:00,taurus-7,wattmetre_power_watt,84.9,"{""_device_orig"": [""wattmetre1-port6""]}"
2026-04-29T15:46:46.471534+02:00,taurus-7,wattmetre_power_watt,81,"{""_device_orig"": [""wattmetre1-port6""]}"
2026-04-29T15:46:46.511704+02:00,taurus-7,wattmetre_power_watt,83.6,"{""_device_orig"": [""wattmetre1-port6""]}"
2026-04-29T15:46:46.531583+02:00,taurus-7,wattmetre_power_watt,85.8,"{""_device_orig"": [""wattmetre1-port6""]}"
2026-04-29T15:46:46.591575+02:00,taurus-7,wattmetre_power_watt,85.9,"{""_device_orig"": [""wattmetre1-port6""]}"
2026-04-29T15:46:46.611633+02:00,taurus-7,wattmetre_power_watt,79.7,"{""_device_orig"": [""wattmetre1-port6""]}"
2026-04-29T15:46:46.631672+02:00,taurus-7,wattmetre_power_watt,78.7,"{""_device_orig"": [""wattmetre1-port6""]}"
2026-04-29T15:46:46.651584+02:00,taurus-7,wattmetre_power_watt,85.9,"{""_device_orig"": [""wattmetre1-port6""]}"
2026-04-29T15:46:46.671561+02:00,taurus-7,wattmetre_power_watt,86.5,"{""_device_orig"": [""wattmetre1-port6""]}"
2026-04-29T15:46:46.691489+02:00,taurus-7,wattmetre_power_watt,87.3,"{""_device_orig"": [""wattmetre1-port6""]}"
2026-04-29T15:46:46.711585+02:00,taurus-7,wattmetre_power_watt,79.4,"{""_device_orig"": [""wattmetre1-port6""]}"
2026-04-29T15:46:46.731581+02:00,taurus-7,wattmetre_power_watt,77.4,"{""_device_orig"": [""wattmetre1-port6""]}"
2026-04-29T15:46:46.791624+02:00,taurus-7,wattmetre_power_watt,82.8,"{""_device_orig"": [""wattmetre1-port6""]}"
2026-04-29T15:46:46.811479+02:00,taurus-7,wattmetre_power_watt,79.1,"{""_device_orig"": [""wattmetre1-port6""]}"
2026-04-29T15:46:46.831619+02:00,taurus-7,wattmetre_power_watt,82.2,"{""_device_orig"": [""wattmetre1-port6""]}"
2026-04-29T15:46:46.851591+02:00,taurus-7,wattmetre_power_watt,87.1,"{""_device_orig"": [""wattmetre1-port6""]}"
2026-04-29T15:46:46.871544+02:00,taurus-7,wattmetre_power_watt,83.6,"{""_device_orig"": [""wattmetre1-port6""]}"
2026-04-29T15:46:46.89155+02:00,taurus-7,wattmetre_power_watt,86.9,"{""_device_orig"": [""wattmetre1-port6""]}"
2026-04-29T15:46:46.911667+02:00,taurus-7,wattmetre_power_watt,83.6,"{""_device_orig"": [""wattmetre1-port6""]}"
2026-04-29T15:46:46.931641+02:00,taurus-7,wattmetre_power_watt,82.4,"{""_device_orig"": [""wattmetre1-port6""]}"
2026-04-29T15:46:46.971593+02:00,taurus-7,wattmetre_power_watt,85.6,"{""_device_orig"": [""wattmetre1-port6""]}"
2026-04-29T15:46:46.991491+02:00,taurus-7,wattmetre_power_watt,83.8,"{""_device_orig"": [""wattmetre1-port6""]}"
2026-04-29T15:46:47.011511+02:00,taurus-7,wattmetre_power_watt,87,"{""_device_orig"": [""wattmetre1-port6""]}"
2026-04-29T15:46:47.031621+02:00,taurus-7,wattmetre_power_watt,86.7,"{""_device_orig"": [""wattmetre1-port6""]}"
2026-04-29T15:46:47.051564+02:00,taurus-7,wattmetre_power_watt,79.1,"{""_device_orig"": [""wattmetre1-port6""]}"
2026-04-29T15:46:47.071557+02:00,taurus-7,wattmetre_power_watt,85.1,"{""_device_orig"": [""wattmetre1-port6""]}"
2026-04-29T15:46:47.09151+02:00,taurus-7,wattmetre_power_watt,85.9,"{""_device_orig"": [""wattmetre1-port6""]}"
2026-04-29T15:46:47.111469+02:00,taurus-7,wattmetre_power_watt,81.6,"{""_device_orig"": [""wattmetre1-port6""]}"
2026-04-29T15:46:47.131609+02:00,taurus-7,wattmetre_power_watt,90.5,"{""_device_orig"": [""wattmetre1-port6""]}"
2026-04-29T15:46:47.151605+02:00,taurus-7,wattmetre_power_watt,83.5,"{""_device_orig"": [""wattmetre1-port6""]}"
2026-04-29T15:46:47.171566+02:00,taurus-7,wattmetre_power_watt,79.7,"{""_device_orig"": [""wattmetre1-port6""]}"
2026-04-29T15:46:47.191528+02:00,taurus-7,wattmetre_power_watt,85.3,"{""_device_orig"": [""wattmetre1-port6""]}"
2026-04-29T15:46:47.211538+02:00,taurus-7,wattmetre_power_watt,79.6,"{""_device_orig"": [""wattmetre1-port6""]}"
2026-04-29T15:46:47.271574+02:00,taurus-7,wattmetre_power_watt,82.1,"{""_device_orig"": [""wattmetre1-port6""]}"
2026-04-29T15:46:47.291551+02:00,taurus-7,wattmetre_power_watt,79.6,"{""_device_orig"": [""wattmetre1-port6""]}"
2026-04-29T15:46:47.311495+02:00,taurus-7,wattmetre_power_watt,80.3,"{""_device_orig"": [""wattmetre1-port6""]}"
2026-04-29T15:46:47.331496+02:00,taurus-7,wattmetre_power_watt,86.2,"{""_device_orig"": [""wattmetre1-port6""]}"
2026-04-29T15:46:47.351629+02:00,taurus-7,wattmetre_power_watt,82,"{""_device_orig"": [""wattmetre1-port6""]}"
2026-04-29T15:46:47.37158+02:00,taurus-7,wattmetre_power_watt,82.6,"{""_device_orig"": [""wattmetre1-port6""]}"
2026-04-29T15:46:47.471582+02:00,taurus-7,wattmetre_power_watt,80.1,"{""_device_orig"": [""wattmetre1-port6""]}"
2026-04-29T15:46:47.491557+02:00,taurus-7,wattmetre_power_watt,84.7,"{""_device_orig"": [""wattmetre1-port6""]}"
2026-04-29T15:46:47.5716+02:00,taurus-7,wattmetre_power_watt,86.9,"{""_device_orig"": [""wattmetre1-port6""]}"
2026-04-29T15:46:47.591599+02:00,taurus-7,wattmetre_power_watt,84,"{""_device_orig"": [""wattmetre1-port6""]}"
2026-04-29T15:46:47.611551+02:00,taurus-7,wattmetre_power_watt,78.4,"{""_device_orig"": [""wattmetre1-port6""]}"
2026-04-29T15:46:47.67167+02:00,taurus-7,wattmetre_power_watt,82.6,"{""_device_orig"": [""wattmetre1-port6""]}"
2026-04-29T15:46:47.6916+02:00,taurus-7,wattmetre_power_watt,82.4,"{""_device_orig"": [""wattmetre1-port6""]}"
2026-04-29T15:46:47.751511+02:00,taurus-7,wattmetre_power_watt,86,"{""_device_orig"": [""wattmetre1-port6""]}"
2026-04-29T15:46:47.771463+02:00,taurus-7,wattmetre_power_watt,82.1,"{""_device_orig"": [""wattmetre1-port6""]}"
2026-04-29T15:46:47.791632+02:00,taurus-7,wattmetre_power_watt,85.5,"{""_device_orig"": [""wattmetre1-port6""]}"
2026-04-29T15:46:47.811558+02:00,taurus-7,wattmetre_power_watt,106.7,"{""_device_orig"": [""wattmetre1-port6""]}"
2026-04-29T15:46:47.831589+02:00,taurus-7,wattmetre_power_watt,120.7,"{""_device_orig"": [""wattmetre1-port6""]}"
2026-04-29T15:46:47.851546+02:00,taurus-7,wattmetre_power_watt,140,"{""_device_orig"": [""wattmetre1-port6""]}"
2026-04-29T15:46:47.871472+02:00,taurus-7,wattmetre_power_watt,147.6,"{""_device_orig"": [""wattmetre1-port6""]}"
2026-04-29T15:46:47.891599+02:00,taurus-7,wattmetre_power_watt,144.9,"{""_device_orig"": [""wattmetre1-port6""]}"
2026-04-29T15:46:47.91163+02:00,taurus-7,wattmetre_power_watt,143,"{""_device_orig"": [""wattmetre1-port6""]}"
2026-04-29T15:46:47.931548+02:00,taurus-7,wattmetre_power_watt,143.9,"{""_device_orig"": [""wattmetre1-port6""]}"
2026-04-29T15:46:47.951547+02:00,taurus-7,wattmetre_power_watt,141.6,"{""_device_orig"": [""wattmetre1-port6""]}"
2026-04-29T15:46:47.971462+02:00,taurus-7,wattmetre_power_watt,141.3,"{""_device_orig"": [""wattmetre1-port6""]}"
2026-04-29T15:46:47.99159+02:00,taurus-7,wattmetre_power_watt,138.3,"{""_device_orig"": [""wattmetre1-port6""]}"
